Tarih;Ürün;Fiyat
23.03.2015;Buji Takımı; 21,66 ₺ 
26.04.2016;Debiyaj Seti; 21,66 ₺ 
24.07.2016;Buji Takımı; 425,25 ₺ 
3.11.2016;Rot Kolu; 122,16 ₺ 
2.08.2015;Buji Takımı; 40,40 ₺ 
31.07.2016;Rot Başı; 758,22 ₺ 
7.10.2016;Fren Balatası; 425,25 ₺ 
8.03.2015;Buji Takımı; 758,22 ₺ 
3.11.2016;Fren Disk; 63,80 ₺ 
5.11.2016;Rot Kolu; 63,80 ₺ 
4.12.2016;Rot Kolu; 63,80 ₺ 
15.03.2016;Rot Kolu; 122,16 ₺ 
16.07.2016;Fren Balatası; 21,66 ₺ 
9.09.2015;Rot Kolu; 63,80 ₺ 
28.05.2015;Trigger Seti; 21,66 ₺ 
18.11.2015;Fren Balatası; 425,25 ₺ 
24.05.2015;Buji Takımı; 758,22 ₺ 
28.02.2015;Rot Kolu; 758,22 ₺ 
15.03.2015;Buji Takımı; 122,16 ₺ 
1.08.2016;Rot Kolu; 63,80 ₺ 
11.06.2015;Buji Takımı; 425,25 ₺ 
13.01.2015;Fren Disk; 21,66 ₺ 
24.10.2016;Buji Takımı; 758,22 ₺ 
17.08.2016;Trigger Seti; 40,40 ₺ 
22.01.2016;Rot Başı; 122,16 ₺ 
22.06.2015;Fren Disk; 21,66 ₺ 
15.06.2016;Fren Balatası; 425,25 ₺ 
26.11.2015;Buji Takımı; 40,40 ₺ 
25.10.2015;Rot Başı; 425,25 ₺ 
27.06.2016;Fren Disk; 425,25 ₺ 
6.06.2015;Fren Balatası; 21,66 ₺ 
4.12.2015;Debiyaj Seti; 122,16 ₺ 
14.12.2016;Fren Disk; 63,80 ₺ 
17.01.2016;Debiyaj Seti; 63,80 ₺ 
4.01.2015;Buji Takımı; 40,40 ₺ 
18.02.2015;Fren Disk; 758,22 ₺ 
13.04.2015;Debiyaj Seti; 21,66 ₺ 
19.12.2016;Rot Kolu; 21,66 ₺ 
1.08.2015;Trigger Seti; 122,16 ₺ 
20.05.2015;Rot Başı; 425,25 ₺ 
20.04.2015;Rot Başı; 425,25 ₺ 
23.03.2016;Fren Balatası; 21,66 ₺ 
14.07.2015;Trigger Seti; 63,80 ₺ 
4.03.2016;Trigger Seti; 425,25 ₺ 
8.04.2015;Rot Başı; 425,25 ₺ 
21.02.2015;Rot Başı; 63,80 ₺ 
25.01.2015;Trigger Seti; 425,25 ₺ 
4.05.2016;Trigger Seti; 425,25 ₺ 
16.02.2016;Fren Balatası; 758,22 ₺ 
16.05.2015;Debiyaj Seti; 21,66 ₺ 
6.08.2016;Trigger Seti; 63,80 ₺ 
1.03.2015;Rot Kolu; 40,40 ₺ 
24.02.2015;Debiyaj Seti; 425,25 ₺ 
5.12.2016;Fren Disk; 21,66 ₺ 
14.04.2015;Rot Başı; 21,66 ₺ 
7.07.2015;Rot Başı; 21,66 ₺ 
1.12.2016;Buji Takımı; 425,25 ₺ 
25.06.2016;Trigger Seti; 122,16 ₺ 
3.01.2015;Rot Kolu; 122,16 ₺ 
2.11.2015;Rot Başı; 40,40 ₺ 
6.07.2015;Fren Disk; 63,80 ₺ 
21.08.2016;Buji Takımı; 425,25 ₺ 
4.08.2016;Trigger Seti; 122,16 ₺ 
10.06.2016;Debiyaj Seti; 122,16 ₺ 
13.09.2016;Trigger Seti; 758,22 ₺ 
10.10.2016;Debiyaj Seti; 40,40 ₺ 
10.11.2015;Fren Balatası; 425,25 ₺ 
30.10.2016;Debiyaj Seti; 122,16 ₺ 
15.04.2016;Fren Disk; 122,16 ₺ 
8.06.2016;Fren Balatası; 425,25 ₺ 
27.07.2016;Fren Disk; 758,22 ₺ 
25.11.2015;Rot Başı; 63,80 ₺ 
24.04.2016;Fren Balatası; 122,16 ₺ 
14.12.2015;Fren Balatası; 63,80 ₺ 
5.09.2015;Fren Balatası; 40,40 ₺ 
1.02.2015;Fren Balatası; 425,25 ₺ 
16.11.2016;Debiyaj Seti; 21,66 ₺ 
12.10.2015;Buji Takımı; 40,40 ₺ 
5.03.2015;Rot Kolu; 425,25 ₺ 
8.08.2016;Rot Kolu; 63,80 ₺ 
25.05.2015;Debiyaj Seti; 40,40 ₺ 
24.06.2016;Fren Balatası; 21,66 ₺ 
15.07.2016;Rot Başı; 21,66 ₺ 
6.03.2016;Rot Başı; 21,66 ₺ 
13.09.2016;Debiyaj Seti; 758,22 ₺ 
2.09.2016;Fren Balatası; 63,80 ₺ 
5.05.2016;Trigger Seti; 758,22 ₺ 
17.10.2016;Fren Balatası; 21,66 ₺ 
18.04.2015;Rot Başı; 122,16 ₺ 
14.04.2016;Fren Balatası; 63,80 ₺ 
30.12.2015;Rot Başı; 21,66 ₺ 
28.11.2015;Debiyaj Seti; 122,16 ₺ 
25.09.2016;Buji Takımı; 758,22 ₺ 
25.02.2016;Trigger Seti; 122,16 ₺ 
15.05.2015;Fren Disk; 758,22 ₺ 
9.02.2016;Trigger Seti; 63,80 ₺ 
31.05.2016;Buji Takımı; 425,25 ₺ 
9.10.2015;Fren Disk; 122,16 ₺ 
18.12.2016;Fren Disk; 21,66 ₺ 
16.12.2015;Trigger Seti; 425,25 ₺ 
13.01.2015;Debiyaj Seti; 122,16 ₺ 
26.02.2016;Debiyaj Seti; 40,40 ₺ 
2.11.2016;Trigger Seti; 758,22 ₺ 
1.10.2016;Fren Balatası; 21,66 ₺ 
17.05.2015;Fren Disk; 40,40 ₺ 
9.07.2015;Debiyaj Seti; 425,25 ₺ 
9.03.2016;Fren Disk; 40,40 ₺ 
2.07.2016;Debiyaj Seti; 122,16 ₺ 
13.10.2015;Trigger Seti; 63,80 ₺ 
22.02.2016;Buji Takımı; 758,22 ₺ 
27.04.2016;Fren Disk; 63,80 ₺ 
9.01.2016;Trigger Seti; 21,66 ₺ 
6.01.2015;Buji Takımı; 425,25 ₺ 
11.01.2015;Rot Kolu; 122,16 ₺ 
18.02.2015;Rot Kolu; 122,16 ₺ 
22.01.2016;Trigger Seti; 21,66 ₺ 
31.01.2016;Debiyaj Seti; 63,80 ₺ 
3.01.2015;Fren Balatası; 758,22 ₺ 
20.08.2016;Debiyaj Seti; 40,40 ₺ 
1.07.2015;Fren Balatası; 21,66 ₺ 
25.05.2016;Buji Takımı; 63,80 ₺ 
6.11.2016;Trigger Seti; 758,22 ₺ 
30.09.2016;Fren Balatası; 63,80 ₺ 
29.07.2015;Fren Balatası; 425,25 ₺ 
7.01.2015;Rot Başı; 425,25 ₺ 
23.03.2016;Fren Disk; 122,16 ₺ 
9.07.2016;Rot Başı; 63,80 ₺ 
4.04.2016;Debiyaj Seti; 21,66 ₺ 
27.09.2015;Fren Balatası; 21,66 ₺ 
20.01.2016;Rot Kolu; 425,25 ₺ 
4.10.2015;Rot Kolu; 63,80 ₺ 
8.12.2016;Buji Takımı; 63,80 ₺ 
26.02.2016;Fren Disk; 425,25 ₺ 
11.05.2015;Trigger Seti; 63,80 ₺ 
23.07.2015;Debiyaj Seti; 21,66 ₺ 
19.05.2015;Buji Takımı; 40,40 ₺ 
26.08.2016;Trigger Seti; 122,16 ₺ 
9.05.2016;Trigger Seti; 21,66 ₺ 
27.05.2016;Fren Balatası; 63,80 ₺ 
13.09.2016;Fren Disk; 40,40 ₺ 
8.06.2015;Fren Disk; 63,80 ₺ 
29.04.2016;Rot Kolu; 63,80 ₺ 
16.05.2016;Debiyaj Seti; 63,80 ₺ 
3.01.2015;Debiyaj Seti; 63,80 ₺ 
8.10.2015;Fren Disk; 758,22 ₺ 
21.05.2016;Fren Balatası; 63,80 ₺ 
29.04.2016;Rot Başı; 425,25 ₺ 
24.03.2016;Buji Takımı; 40,40 ₺ 
15.06.2016;Fren Disk; 425,25 ₺ 
17.03.2015;Rot Kolu; 758,22 ₺ 
9.09.2015;Rot Kolu; 425,25 ₺ 
1.06.2016;Debiyaj Seti; 63,80 ₺ 
29.07.2015;Fren Balatası; 40,40 ₺ 
1.11.2016;Trigger Seti; 425,25 ₺ 
6.02.2016;Rot Kolu; 40,40 ₺ 
26.07.2016;Rot Kolu; 425,25 ₺ 
8.02.2015;Rot Başı; 40,40 ₺ 
26.08.2016;Rot Başı; 122,16 ₺ 
24.06.2015;Trigger Seti; 122,16 ₺ 
25.10.2015;Debiyaj Seti; 63,80 ₺ 
12.06.2016;Debiyaj Seti; 21,66 ₺ 
21.09.2016;Debiyaj Seti; 758,22 ₺ 
26.03.2015;Buji Takımı; 63,80 ₺ 
28.08.2016;Rot Kolu; 122,16 ₺ 
7.06.2016;Rot Kolu; 40,40 ₺ 
21.03.2016;Rot Kolu; 63,80 ₺ 
4.10.2016;Trigger Seti; 21,66 ₺ 
13.03.2016;Rot Başı; 758,22 ₺ 
26.04.2016;Buji Takımı; 425,25 ₺ 
18.03.2016;Fren Balatası; 63,80 ₺ 
14.10.2016;Buji Takımı; 63,80 ₺ 
2.10.2016;Fren Balatası; 758,22 ₺ 
6.01.2016;Rot Başı; 425,25 ₺ 
16.11.2016;Rot Kolu; 21,66 ₺ 
22.05.2015;Debiyaj Seti; 425,25 ₺ 
1.09.2016;Rot Başı; 122,16 ₺ 
30.03.2015;Fren Disk; 21,66 ₺ 
15.04.2016;Fren Balatası; 758,22 ₺ 
13.12.2015;Buji Takımı; 63,80 ₺ 
21.08.2015;Buji Takımı; 63,80 ₺ 
13.02.2015;Debiyaj Seti; 122,16 ₺ 
15.08.2015;Debiyaj Seti; 63,80 ₺ 
11.04.2015;Debiyaj Seti; 425,25 ₺ 
8.08.2015;Debiyaj Seti; 40,40 ₺ 
15.11.2015;Buji Takımı; 40,40 ₺ 
15.05.2015;Rot Başı; 21,66 ₺ 
21.01.2015;Buji Takımı; 21,66 ₺ 
12.02.2015;Rot Kolu; 63,80 ₺ 
28.08.2015;Trigger Seti; 425,25 ₺ 
17.08.2016;Fren Disk; 758,22 ₺ 
2.12.2015;Rot Kolu; 63,80 ₺ 
8.12.2015;Trigger Seti; 122,16 ₺ 
15.11.2016;Rot Kolu; 21,66 ₺ 
16.04.2015;Rot Başı; 40,40 ₺ 
18.07.2016;Rot Kolu; 758,22 ₺ 
21.06.2016;Fren Disk; 63,80 ₺ 
19.06.2015;Rot Kolu; 425,25 ₺ 
24.06.2016;Debiyaj Seti; 63,80 ₺ 
7.05.2016;Debiyaj Seti; 425,25 ₺ 
16.11.2015;Fren Disk; 40,40 ₺ 
2.08.2015;Rot Kolu; 63,80 ₺ 
13.12.2016;Debiyaj Seti; 63,80 ₺ 
19.03.2015;Debiyaj Seti; 63,80 ₺ 
4.08.2016;Fren Disk; 425,25 ₺ 
7.10.2016;Trigger Seti; 758,22 ₺ 
21.08.2016;Rot Kolu; 40,40 ₺ 
15.04.2016;Debiyaj Seti; 122,16 ₺ 
19.02.2016;Trigger Seti; 63,80 ₺ 
14.04.2016;Fren Disk; 40,40 ₺ 
12.07.2016;Buji Takımı; 40,40 ₺ 
15.11.2016;Buji Takımı; 40,40 ₺ 
19.08.2015;Fren Balatası; 758,22 ₺ 
28.05.2015;Fren Balatası; 122,16 ₺ 
17.11.2016;Fren Disk; 40,40 ₺ 
6.02.2016;Trigger Seti; 63,80 ₺ 
6.04.2015;Fren Balatası; 758,22 ₺ 
7.06.2016;Rot Kolu; 40,40 ₺ 
16.12.2015;Fren Balatası; 40,40 ₺ 
19.09.2016;Fren Disk; 122,16 ₺ 
13.12.2015;Fren Balatası; 40,40 ₺ 
15.08.2016;Rot Kolu; 40,40 ₺ 
21.01.2016;Fren Balatası; 425,25 ₺ 
14.11.2016;Buji Takımı; 63,80 ₺ 
2.08.2015;Trigger Seti; 758,22 ₺ 
30.03.2016;Fren Disk; 425,25 ₺ 
8.06.2015;Fren Disk; 758,22 ₺ 
1.12.2015;Buji Takımı; 63,80 ₺ 
10.04.2015;Debiyaj Seti; 425,25 ₺ 
8.01.2016;Trigger Seti; 63,80 ₺ 
3.02.2016;Trigger Seti; 63,80 ₺ 
12.08.2016;Buji Takımı; 21,66 ₺ 
31.07.2016;Trigger Seti; 63,80 ₺ 
21.07.2016;Fren Balatası; 758,22 ₺ 
6.07.2016;Fren Disk; 63,80 ₺ 
7.08.2015;Trigger Seti; 40,40 ₺ 
5.07.2015;Fren Balatası; 425,25 ₺ 
29.01.2016;Buji Takımı; 122,16 ₺ 
5.01.2015;Buji Takımı; 63,80 ₺ 
29.09.2016;Fren Balatası; 21,66 ₺ 
14.12.2016;Buji Takımı; 425,25 ₺ 
28.08.2016;Rot Kolu; 425,25 ₺ 
24.10.2015;Debiyaj Seti; 63,80 ₺ 
9.03.2015;Debiyaj Seti; 63,80 ₺ 
24.06.2016;Rot Kolu; 122,16 ₺ 
3.08.2015;Fren Balatası; 425,25 ₺ 
10.01.2016;Buji Takımı; 63,80 ₺ 
10.04.2015;Rot Başı; 122,16 ₺ 
11.01.2016;Debiyaj Seti; 63,80 ₺ 
28.11.2015;Rot Başı; 63,80 ₺ 
8.10.2015;Fren Disk; 425,25 ₺ 
3.12.2016;Fren Disk; 758,22 ₺ 
20.06.2015;Fren Disk; 758,22 ₺ 
18.01.2016;Buji Takımı; 63,80 ₺ 
28.02.2015;Buji Takımı; 758,22 ₺ 
31.12.2016;Trigger Seti; 122,16 ₺ 
3.09.2015;Fren Balatası; 758,22 ₺ 
3.08.2016;Buji Takımı; 40,40 ₺ 
14.11.2015;Trigger Seti; 40,40 ₺ 
29.02.2016;Rot Kolu; 122,16 ₺ 
17.11.2016;Rot Başı; 63,80 ₺ 
17.03.2015;Debiyaj Seti; 425,25 ₺ 
24.07.2015;Debiyaj Seti; 21,66 ₺ 
23.08.2016;Buji Takımı; 63,80 ₺ 
22.04.2015;Rot Kolu; 21,66 ₺ 
11.06.2015;Fren Balatası; 63,80 ₺ 
17.08.2015;Fren Balatası; 425,25 ₺ 
5.04.2016;Trigger Seti; 758,22 ₺ 
2.05.2015;Fren Disk; 758,22 ₺ 
4.11.2015;Debiyaj Seti; 40,40 ₺ 
26.12.2016;Debiyaj Seti; 63,80 ₺ 
29.04.2016;Debiyaj Seti; 425,25 ₺ 
11.05.2016;Fren Disk; 758,22 ₺ 
16.06.2016;Buji Takımı; 122,16 ₺ 
3.09.2015;Rot Başı; 122,16 ₺ 
11.02.2016;Trigger Seti; 122,16 ₺ 
15.08.2016;Fren Balatası; 425,25 ₺ 
13.02.2015;Rot Başı; 40,40 ₺ 
19.01.2016;Fren Balatası; 758,22 ₺ 
18.07.2016;Rot Başı; 40,40 ₺ 
26.05.2015;Trigger Seti; 21,66 ₺ 
19.10.2015;Debiyaj Seti; 122,16 ₺ 
29.08.2015;Fren Balatası; 758,22 ₺ 
1.01.2015;Trigger Seti; 425,25 ₺ 
17.07.2016;Rot Kolu; 758,22 ₺ 
30.12.2015;Fren Disk; 40,40 ₺ 
28.04.2015;Rot Kolu; 21,66 ₺ 
20.03.2015;Fren Disk; 63,80 ₺ 
5.03.2015;Trigger Seti; 40,40 ₺ 
2.07.2015;Fren Disk; 425,25 ₺ 
22.06.2015;Buji Takımı; 21,66 ₺ 
6.06.2015;Fren Balatası; 63,80 ₺ 
26.07.2015;Fren Balatası; 758,22 ₺ 
16.08.2016;Rot Kolu; 63,80 ₺ 
15.12.2016;Debiyaj Seti; 63,80 ₺ 
26.09.2015;Rot Başı; 758,22 ₺ 
27.01.2016;Buji Takımı; 40,40 ₺ 
30.09.2016;Rot Başı; 21,66 ₺ 
31.10.2015;Rot Başı; 40,40 ₺ 
5.07.2016;Rot Başı; 425,25 ₺ 
24.11.2016;Fren Balatası; 758,22 ₺ 
25.05.2016;Buji Takımı; 63,80 ₺ 
1.06.2015;Fren Disk; 63,80 ₺ 
27.03.2016;Trigger Seti; 425,25 ₺ 
30.05.2016;Fren Balatası; 40,40 ₺ 
15.05.2015;Fren Disk; 63,80 ₺ 
30.05.2016;Rot Kolu; 122,16 ₺ 
6.05.2016;Debiyaj Seti; 21,66 ₺ 
2.12.2016;Debiyaj Seti; 425,25 ₺ 
30.07.2016;Rot Kolu; 425,25 ₺ 
24.01.2016;Rot Başı; 21,66 ₺ 
20.08.2015;Trigger Seti; 21,66 ₺ 
10.05.2015;Fren Balatası; 63,80 ₺ 
22.09.2015;Trigger Seti; 425,25 ₺ 
22.02.2016;Debiyaj Seti; 425,25 ₺ 
1.07.2015;Debiyaj Seti; 21,66 ₺ 
5.04.2016;Rot Başı; 40,40 ₺ 
6.12.2016;Fren Balatası; 758,22 ₺ 
24.10.2016;Rot Kolu; 63,80 ₺ 
16.09.2015;Rot Kolu; 21,66 ₺ 
20.06.2015;Trigger Seti; 122,16 ₺ 
29.07.2016;Fren Disk; 63,80 ₺ 
13.03.2015;Rot Kolu; 425,25 ₺ 
4.01.2016;Trigger Seti; 122,16 ₺ 
14.10.2016;Fren Disk; 425,25 ₺ 
2.06.2015;Rot Kolu; 122,16 ₺ 
25.07.2015;Fren Disk; 63,80 ₺ 
20.05.2016;Rot Başı; 63,80 ₺ 
4.06.2015;Rot Kolu; 40,40 ₺ 
2.09.2016;Rot Kolu; 122,16 ₺ 
1.07.2015;Fren Balatası; 758,22 ₺ 
8.03.2016;Rot Başı; 122,16 ₺ 
7.02.2015;Trigger Seti; 63,80 ₺ 
16.11.2015;Fren Balatası; 122,16 ₺ 
7.01.2015;Trigger Seti; 758,22 ₺ 
18.05.2015;Buji Takımı; 122,16 ₺ 
29.12.2015;Rot Başı; 758,22 ₺ 
27.07.2016;Debiyaj Seti; 122,16 ₺ 
29.09.2016;Rot Başı; 63,80 ₺ 
6.05.2016;Trigger Seti; 40,40 ₺ 
4.11.2016;Rot Başı; 21,66 ₺ 
4.03.2016;Buji Takımı; 21,66 ₺ 
12.06.2016;Rot Başı; 122,16 ₺ 
20.08.2015;Buji Takımı; 425,25 ₺ 
20.07.2015;Debiyaj Seti; 63,80 ₺ 
27.01.2016;Fren Disk; 21,66 ₺ 
12.11.2016;Buji Takımı; 122,16 ₺ 
25.01.2015;Fren Balatası; 425,25 ₺ 
15.05.2016;Rot Kolu; 122,16 ₺ 
7.12.2015;Trigger Seti; 40,40 ₺ 
23.11.2015;Rot Başı; 63,80 ₺ 
13.09.2015;Rot Başı; 758,22 ₺ 
5.08.2015;Rot Başı; 758,22 ₺ 
30.08.2015;Rot Başı; 758,22 ₺ 
24.09.2016;Fren Disk; 21,66 ₺ 
23.09.2015;Rot Kolu; 21,66 ₺ 
1.08.2015;Buji Takımı; 21,66 ₺ 
15.07.2015;Fren Balatası; 425,25 ₺ 
7.01.2016;Rot Kolu; 63,80 ₺ 
25.03.2015;Rot Başı; 21,66 ₺ 
3.07.2016;Debiyaj Seti; 758,22 ₺ 
7.07.2016;Debiyaj Seti; 63,80 ₺ 
29.10.2016;Fren Balatası; 63,80 ₺ 
8.05.2016;Fren Balatası; 425,25 ₺ 
6.09.2015;Debiyaj Seti; 758,22 ₺ 
18.06.2015;Fren Disk; 425,25 ₺ 
10.05.2016;Rot Başı; 63,80 ₺ 
28.12.2015;Trigger Seti; 425,25 ₺ 
9.07.2015;Rot Kolu; 63,80 ₺ 
12.09.2015;Fren Balatası; 758,22 ₺ 
11.11.2015;Rot Kolu; 425,25 ₺ 
27.05.2015;Rot Başı; 425,25 ₺ 
23.01.2015;Fren Balatası; 758,22 ₺ 
27.01.2016;Fren Disk; 758,22 ₺ 
27.10.2016;Buji Takımı; 122,16 ₺ 
27.12.2016;Trigger Seti; 40,40 ₺ 
18.09.2015;Rot Başı; 63,80 ₺ 
25.03.2016;Rot Kolu; 63,80 ₺ 
28.07.2015;Trigger Seti; 63,80 ₺ 
24.12.2016;Fren Balatası; 122,16 ₺ 
28.03.2016;Trigger Seti; 425,25 ₺ 
20.04.2016;Buji Takımı; 758,22 ₺ 
15.10.2016;Trigger Seti; 63,80 ₺ 
12.08.2015;Fren Disk; 758,22 ₺ 
29.12.2016;Debiyaj Seti; 63,80 ₺ 
22.06.2015;Fren Balatası; 122,16 ₺ 
20.03.2016;Fren Disk; 21,66 ₺ 
18.07.2015;Fren Disk; 40,40 ₺ 
8.06.2016;Rot Başı; 63,80 ₺ 
10.11.2016;Fren Disk; 425,25 ₺ 
6.11.2016;Debiyaj Seti; 21,66 ₺ 
10.02.2016;Trigger Seti; 122,16 ₺ 
28.12.2015;Trigger Seti; 40,40 ₺ 
7.05.2016;Fren Balatası; 63,80 ₺ 
30.08.2016;Rot Başı; 21,66 ₺ 
4.02.2016;Trigger Seti; 425,25 ₺ 
15.12.2015;Trigger Seti; 21,66 ₺ 
27.04.2016;Fren Balatası; 122,16 ₺ 
25.12.2015;Rot Başı; 758,22 ₺ 
26.01.2015;Trigger Seti; 122,16 ₺ 
20.12.2015;Rot Başı; 758,22 ₺ 
7.09.2016;Fren Disk; 758,22 ₺ 
12.09.2016;Fren Balatası; 758,22 ₺ 
25.09.2016;Fren Balatası; 425,25 ₺ 
12.08.2016;Rot Kolu; 40,40 ₺ 
4.10.2015;Rot Kolu; 758,22 ₺ 
30.07.2016;Fren Balatası; 63,80 ₺ 
15.11.2015;Debiyaj Seti; 63,80 ₺ 
18.08.2015;Trigger Seti; 40,40 ₺ 
25.12.2016;Rot Kolu; 758,22 ₺ 
19.06.2015;Rot Kolu; 63,80 ₺ 
30.07.2015;Debiyaj Seti; 758,22 ₺ 
15.11.2016;Trigger Seti; 63,80 ₺ 
1.10.2015;Buji Takımı; 63,80 ₺ 
2.09.2015;Rot Başı; 63,80 ₺ 
21.04.2016;Rot Başı; 21,66 ₺ 
12.09.2015;Buji Takımı; 21,66 ₺ 
4.11.2016;Buji Takımı; 122,16 ₺ 
12.10.2015;Buji Takımı; 40,40 ₺ 
14.05.2015;Fren Balatası; 425,25 ₺ 
12.08.2016;Fren Disk; 63,80 ₺ 
27.03.2015;Fren Balatası; 122,16 ₺ 
28.02.2015;Rot Kolu; 122,16 ₺ 
21.04.2016;Rot Başı; 63,80 ₺ 
25.08.2016;Rot Başı; 425,25 ₺ 
20.12.2016;Debiyaj Seti; 21,66 ₺ 
26.01.2016;Trigger Seti; 63,80 ₺ 
25.01.2016;Fren Balatası; 122,16 ₺ 
8.12.2016;Trigger Seti; 425,25 ₺ 
14.10.2015;Trigger Seti; 122,16 ₺ 
7.06.2015;Rot Başı; 63,80 ₺ 
17.07.2016;Fren Disk; 21,66 ₺ 
12.03.2015;Fren Disk; 122,16 ₺ 
7.05.2016;Fren Disk; 21,66 ₺ 
9.05.2015;Fren Disk; 21,66 ₺ 
4.06.2016;Fren Disk; 122,16 ₺ 
18.09.2016;Rot Başı; 63,80 ₺ 
25.08.2015;Fren Disk; 40,40 ₺ 
9.04.2015;Fren Balatası; 63,80 ₺ 
12.09.2016;Rot Kolu; 63,80 ₺ 
6.06.2015;Debiyaj Seti; 63,80 ₺ 
24.01.2016;Trigger Seti; 425,25 ₺ 
5.02.2015;Rot Başı; 122,16 ₺ 
18.06.2015;Rot Kolu; 63,80 ₺ 
25.08.2015;Trigger Seti; 21,66 ₺ 
25.01.2015;Rot Başı; 21,66 ₺ 
20.02.2015;Rot Kolu; 122,16 ₺ 
29.06.2015;Fren Balatası; 21,66 ₺ 
8.01.2015;Rot Başı; 40,40 ₺ 
23.05.2016;Buji Takımı; 122,16 ₺ 
12.05.2015;Trigger Seti; 758,22 ₺ 
26.02.2015;Buji Takımı; 758,22 ₺ 
17.02.2016;Rot Kolu; 758,22 ₺ 
21.02.2016;Rot Kolu; 63,80 ₺ 
20.01.2016;Fren Balatası; 63,80 ₺ 
31.01.2016;Buji Takımı; 40,40 ₺ 
4.02.2015;Fren Disk; 63,80 ₺ 
7.08.2016;Rot Başı; 21,66 ₺ 
30.10.2015;Buji Takımı; 40,40 ₺ 
21.09.2016;Rot Başı; 425,25 ₺ 
15.06.2016;Fren Disk; 21,66 ₺ 
5.09.2016;Trigger Seti; 758,22 ₺ 
26.05.2015;Fren Disk; 40,40 ₺ 
10.02.2015;Fren Disk; 63,80 ₺ 
20.09.2016;Rot Başı; 63,80 ₺ 
3.08.2015;Rot Kolu; 21,66 ₺ 
6.07.2016;Fren Balatası; 40,40 ₺ 
1.05.2015;Rot Başı; 40,40 ₺ 
13.10.2016;Buji Takımı; 63,80 ₺ 
16.10.2016;Trigger Seti; 21,66 ₺ 
12.06.2015;Fren Disk; 21,66 ₺ 
3.05.2016;Debiyaj Seti; 40,40 ₺ 
26.12.2015;Fren Balatası; 425,25 ₺ 
29.10.2015;Rot Kolu; 122,16 ₺ 
1.10.2016;Trigger Seti; 40,40 ₺ 
29.03.2016;Buji Takımı; 122,16 ₺ 
13.12.2015;Debiyaj Seti; 63,80 ₺ 
12.03.2015;Rot Kolu; 63,80 ₺ 
17.11.2016;Rot Kolu; 63,80 ₺ 
20.10.2015;Fren Disk; 425,25 ₺ 
17.07.2015;Rot Kolu; 758,22 ₺ 
16.05.2016;Rot Başı; 63,80 ₺ 
13.09.2015;Fren Disk; 122,16 ₺ 
29.12.2016;Debiyaj Seti; 63,80 ₺ 
12.10.2016;Trigger Seti; 63,80 ₺ 
8.04.2015;Fren Balatası; 63,80 ₺ 
22.08.2015;Fren Balatası; 425,25 ₺ 
22.12.2015;Fren Balatası; 63,80 ₺ 
23.05.2015;Fren Balatası; 63,80 ₺ 
22.10.2015;Rot Kolu; 758,22 ₺ 
14.01.2016;Fren Disk; 63,80 ₺ 
2.07.2015;Fren Disk; 63,80 ₺ 
24.11.2015;Debiyaj Seti; 425,25 ₺ 
18.12.2016;Rot Kolu; 425,25 ₺ 
21.04.2015;Fren Balatası; 758,22 ₺ 
31.03.2015;Buji Takımı; 122,16 ₺ 
12.07.2016;Debiyaj Seti; 21,66 ₺ 
16.10.2015;Fren Disk; 63,80 ₺ 
29.06.2015;Rot Kolu; 758,22 ₺ 
12.08.2015;Buji Takımı; 122,16 ₺ 
1.04.2015;Rot Kolu; 21,66 ₺ 
18.04.2016;Fren Disk; 40,40 ₺ 
10.01.2016;Rot Başı; 21,66 ₺ 
15.06.2015;Buji Takımı; 63,80 ₺ 
24.12.2015;Rot Kolu; 758,22 ₺ 
16.06.2016;Rot Kolu; 40,40 ₺ 
17.09.2016;Fren Disk; 758,22 ₺ 
15.03.2016;Buji Takımı; 122,16 ₺ 
8.02.2015;Debiyaj Seti; 122,16 ₺ 
3.08.2015;Debiyaj Seti; 425,25 ₺ 
15.05.2015;Rot Kolu; 758,22 ₺ 
9.01.2015;Buji Takımı; 21,66 ₺ 
4.09.2015;Fren Disk; 425,25 ₺ 
23.07.2015;Fren Disk; 21,66 ₺ 
8.04.2016;Debiyaj Seti; 63,80 ₺ 
27.05.2015;Fren Balatası; 40,40 ₺ 
17.03.2016;Debiyaj Seti; 122,16 ₺ 
21.11.2015;Rot Başı; 21,66 ₺ 
6.02.2015;Buji Takımı; 758,22 ₺ 
23.09.2015;Rot Başı; 63,80 ₺ 
20.10.2016;Trigger Seti; 40,40 ₺ 
1.05.2016;Buji Takımı; 21,66 ₺ 
28.02.2015;Fren Disk; 21,66 ₺ 
6.06.2016;Rot Başı; 63,80 ₺ 
28.06.2016;Fren Balatası; 21,66 ₺ 
23.11.2016;Rot Başı; 40,40 ₺ 
29.06.2015;Buji Takımı; 63,80 ₺ 
6.07.2015;Rot Kolu; 40,40 ₺ 
22.05.2016;Debiyaj Seti; 122,16 ₺ 
13.02.2016;Buji Takımı; 21,66 ₺ 
1.02.2015;Buji Takımı; 63,80 ₺ 
6.08.2015;Trigger Seti; 21,66 ₺ 
20.03.2016;Buji Takımı; 425,25 ₺ 
26.06.2015;Fren Balatası; 40,40 ₺ 
12.11.2016;Fren Disk; 63,80 ₺ 
8.11.2016;Fren Disk; 758,22 ₺ 
15.03.2015;Buji Takımı; 63,80 ₺ 
2.12.2015;Debiyaj Seti; 40,40 ₺ 
9.11.2015;Trigger Seti; 21,66 ₺ 
10.10.2016;Fren Disk; 425,25 ₺ 
23.04.2016;Rot Başı; 63,80 ₺ 
15.05.2015;Buji Takımı; 758,22 ₺ 
27.09.2015;Rot Başı; 122,16 ₺ 
17.11.2016;Buji Takımı; 122,16 ₺ 
18.04.2016;Fren Disk; 63,80 ₺ 
26.05.2016;Rot Kolu; 63,80 ₺ 
16.09.2015;Rot Kolu; 758,22 ₺ 
11.10.2015;Rot Başı; 122,16 ₺ 
24.01.2015;Rot Kolu; 758,22 ₺ 
12.04.2016;Rot Kolu; 122,16 ₺ 
16.02.2016;Fren Disk; 40,40 ₺ 
27.04.2016;Rot Başı; 758,22 ₺ 
24.02.2015;Fren Balatası; 425,25 ₺ 
3.04.2016;Fren Balatası; 425,25 ₺ 
29.12.2016;Rot Başı; 122,16 ₺ 
24.05.2016;Buji Takımı; 122,16 ₺ 
14.07.2016;Trigger Seti; 63,80 ₺ 
27.05.2016;Fren Balatası; 425,25 ₺ 
16.09.2015;Trigger Seti; 122,16 ₺ 
26.06.2015;Fren Disk; 63,80 ₺ 
13.10.2016;Buji Takımı; 122,16 ₺ 
28.05.2015;Trigger Seti; 63,80 ₺ 
24.06.2015;Trigger Seti; 21,66 ₺ 
21.03.2016;Trigger Seti; 425,25 ₺ 
15.03.2015;Rot Kolu; 63,80 ₺ 
26.09.2016;Fren Balatası; 758,22 ₺ 
9.09.2016;Rot Başı; 63,80 ₺ 
13.03.2015;Rot Kolu; 21,66 ₺ 
10.05.2015;Buji Takımı; 758,22 ₺ 
26.07.2016;Rot Kolu; 21,66 ₺ 
11.06.2015;Fren Balatası; 122,16 ₺ 
24.08.2016;Fren Balatası; 63,80 ₺ 
23.09.2016;Debiyaj Seti; 63,80 ₺ 
22.03.2015;Fren Balatası; 758,22 ₺ 
3.03.2016;Fren Balatası; 758,22 ₺ 
5.08.2016;Trigger Seti; 40,40 ₺ 
5.11.2016;Fren Balatası; 758,22 ₺ 
5.01.2016;Rot Kolu; 63,80 ₺ 
17.07.2016;Fren Balatası; 21,66 ₺ 
11.04.2016;Debiyaj Seti; 40,40 ₺ 
9.06.2016;Trigger Seti; 63,80 ₺ 
16.11.2015;Buji Takımı; 40,40 ₺ 
10.03.2015;Fren Disk; 63,80 ₺ 
6.12.2015;Fren Balatası; 63,80 ₺ 
4.07.2016;Fren Disk; 63,80 ₺ 
23.04.2015;Rot Kolu; 122,16 ₺ 
14.05.2016;Fren Balatası; 63,80 ₺ 
6.06.2016;Fren Disk; 122,16 ₺ 
29.01.2016;Debiyaj Seti; 40,40 ₺ 
12.09.2015;Rot Kolu; 40,40 ₺ 
8.08.2015;Rot Kolu; 425,25 ₺ 
17.01.2015;Trigger Seti; 425,25 ₺ 
12.12.2016;Trigger Seti; 63,80 ₺ 
20.04.2016;Fren Disk; 40,40 ₺ 
19.06.2016;Fren Disk; 21,66 ₺ 
5.12.2015;Rot Başı; 425,25 ₺ 
6.05.2016;Debiyaj Seti; 122,16 ₺ 
14.11.2016;Debiyaj Seti; 21,66 ₺ 
28.10.2015;Fren Disk; 63,80 ₺ 
20.01.2016;Fren Balatası; 63,80 ₺ 
24.08.2016;Trigger Seti; 425,25 ₺ 
28.05.2015;Rot Başı; 122,16 ₺ 
19.07.2016;Debiyaj Seti; 40,40 ₺ 
4.07.2015;Rot Başı; 63,80 ₺ 
31.01.2016;Fren Balatası; 40,40 ₺ 
13.04.2015;Fren Balatası; 425,25 ₺ 
28.01.2016;Fren Balatası; 122,16 ₺ 
5.02.2016;Fren Disk; 425,25 ₺ 
30.06.2016;Trigger Seti; 21,66 ₺ 
21.03.2016;Rot Kolu; 758,22 ₺ 
10.02.2016;Buji Takımı; 122,16 ₺ 
3.02.2015;Fren Disk; 40,40 ₺ 
23.02.2016;Debiyaj Seti; 21,66 ₺ 
5.05.2015;Buji Takımı; 425,25 ₺ 
9.05.2015;Debiyaj Seti; 758,22 ₺ 
15.05.2015;Trigger Seti; 425,25 ₺ 
7.03.2015;Debiyaj Seti; 758,22 ₺ 
8.09.2015;Rot Kolu; 63,80 ₺ 
14.08.2015;Trigger Seti; 425,25 ₺ 
24.04.2016;Fren Disk; 63,80 ₺ 
5.12.2015;Rot Başı; 122,16 ₺ 
16.08.2016;Debiyaj Seti; 63,80 ₺ 
17.07.2015;Buji Takımı; 63,80 ₺ 
6.02.2015;Debiyaj Seti; 40,40 ₺ 
25.01.2015;Trigger Seti; 122,16 ₺ 
24.09.2016;Fren Balatası; 758,22 ₺ 
20.03.2016;Trigger Seti; 758,22 ₺ 
4.12.2015;Rot Başı; 425,25 ₺ 
7.09.2015;Debiyaj Seti; 425,25 ₺ 
24.06.2015;Buji Takımı; 21,66 ₺ 
26.05.2016;Fren Balatası; 425,25 ₺ 
15.08.2015;Rot Başı; 63,80 ₺ 
28.08.2015;Fren Disk; 122,16 ₺ 
24.01.2015;Debiyaj Seti; 21,66 ₺ 
20.06.2016;Fren Disk; 63,80 ₺ 
24.10.2015;Fren Disk; 122,16 ₺ 
22.03.2016;Buji Takımı; 63,80 ₺ 
8.01.2015;Fren Balatası; 425,25 ₺ 
8.08.2016;Fren Balatası; 425,25 ₺ 
29.06.2015;Rot Başı; 122,16 ₺ 
24.12.2015;Buji Takımı; 758,22 ₺ 
26.06.2015;Rot Başı; 63,80 ₺ 
22.04.2016;Fren Balatası; 758,22 ₺ 
13.02.2016;Rot Kolu; 63,80 ₺ 
15.08.2016;Rot Kolu; 122,16 ₺ 
24.06.2016;Debiyaj Seti; 21,66 ₺ 
18.10.2015;Rot Başı; 63,80 ₺ 
22.11.2015;Debiyaj Seti; 21,66 ₺ 
4.04.2015;Rot Başı; 425,25 ₺ 
24.10.2015;Fren Disk; 122,16 ₺ 
27.09.2015;Trigger Seti; 21,66 ₺ 
26.08.2015;Trigger Seti; 40,40 ₺ 
15.08.2015;Trigger Seti; 63,80 ₺ 
6.10.2015;Rot Kolu; 63,80 ₺ 
22.09.2015;Fren Balatası; 63,80 ₺ 
15.11.2015;Debiyaj Seti; 40,40 ₺ 
15.04.2016;Rot Kolu; 63,80 ₺ 
11.09.2015;Rot Kolu; 425,25 ₺ 
28.06.2015;Buji Takımı; 63,80 ₺ 
17.02.2015;Buji Takımı; 122,16 ₺ 
16.06.2015;Buji Takımı; 425,25 ₺ 
18.11.2015;Debiyaj Seti; 63,80 ₺ 
7.07.2015;Buji Takımı; 21,66 ₺ 
25.01.2015;Fren Disk; 758,22 ₺ 
5.08.2015;Buji Takımı; 63,80 ₺ 
21.09.2015;Rot Başı; 425,25 ₺ 
28.05.2015;Rot Kolu; 122,16 ₺ 
9.01.2016;Fren Balatası; 21,66 ₺ 
8.07.2016;Debiyaj Seti; 40,40 ₺ 
1.05.2015;Rot Kolu; 40,40 ₺ 
9.08.2015;Debiyaj Seti; 63,80 ₺ 
24.05.2016;Rot Kolu; 122,16 ₺ 
3.06.2016;Fren Balatası; 758,22 ₺ 
16.07.2016;Trigger Seti; 425,25 ₺ 
24.06.2015;Rot Kolu; 122,16 ₺ 
11.02.2015;Buji Takımı; 758,22 ₺ 
30.08.2015;Buji Takımı; 21,66 ₺ 
9.11.2015;Trigger Seti; 63,80 ₺ 
24.09.2016;Rot Kolu; 21,66 ₺ 
10.12.2015;Rot Başı; 122,16 ₺ 
25.01.2016;Rot Başı; 63,80 ₺ 
26.02.2016;Rot Başı; 21,66 ₺ 
12.05.2016;Fren Disk; 63,80 ₺ 
13.08.2016;Buji Takımı; 425,25 ₺ 
26.07.2016;Rot Kolu; 63,80 ₺ 
9.11.2015;Trigger Seti; 21,66 ₺ 
2.07.2015;Trigger Seti; 21,66 ₺ 
22.12.2016;Trigger Seti; 63,80 ₺ 
26.08.2016;Rot Başı; 122,16 ₺ 
9.08.2016;Debiyaj Seti; 122,16 ₺ 
6.03.2015;Buji Takımı; 63,80 ₺ 
21.05.2016;Fren Disk; 21,66 ₺ 
18.09.2015;Rot Başı; 122,16 ₺ 
8.03.2016;Trigger Seti; 63,80 ₺ 
20.09.2015;Rot Başı; 122,16 ₺ 
23.05.2016;Rot Başı; 63,80 ₺ 
4.02.2016;Buji Takımı; 21,66 ₺ 
4.02.2015;Fren Disk; 758,22 ₺ 
1.04.2015;Debiyaj Seti; 758,22 ₺ 
25.08.2015;Rot Başı; 63,80 ₺ 
7.01.2016;Rot Başı; 63,80 ₺ 
29.04.2016;Rot Kolu; 425,25 ₺ 
9.03.2015;Fren Balatası; 425,25 ₺ 
14.08.2016;Debiyaj Seti; 21,66 ₺ 
28.04.2016;Buji Takımı; 122,16 ₺ 
15.11.2015;Trigger Seti; 63,80 ₺ 
15.03.2016;Trigger Seti; 21,66 ₺ 
1.10.2015;Rot Başı; 40,40 ₺ 
19.06.2015;Rot Kolu; 40,40 ₺ 
4.11.2015;Fren Balatası; 63,80 ₺ 
23.01.2015;Debiyaj Seti; 122,16 ₺ 
30.12.2015;Fren Balatası; 63,80 ₺ 
14.06.2015;Rot Başı; 63,80 ₺ 
19.06.2016;Rot Kolu; 425,25 ₺ 
19.07.2016;Fren Balatası; 40,40 ₺ 
5.03.2015;Rot Başı; 40,40 ₺ 
29.04.2016;Debiyaj Seti; 122,16 ₺ 
6.10.2015;Rot Kolu; 21,66 ₺ 
19.03.2016;Rot Başı; 40,40 ₺ 
16.04.2016;Rot Kolu; 40,40 ₺ 
7.01.2016;Buji Takımı; 21,66 ₺ 
13.10.2015;Fren Disk; 63,80 ₺ 
24.01.2015;Fren Balatası; 122,16 ₺ 
12.06.2015;Fren Disk; 425,25 ₺ 
3.12.2016;Fren Balatası; 63,80 ₺ 
4.05.2016;Buji Takımı; 21,66 ₺ 
3.10.2016;Buji Takımı; 63,80 ₺ 
5.02.2015;Fren Disk; 63,80 ₺ 
24.05.2016;Trigger Seti; 21,66 ₺ 
17.01.2016;Debiyaj Seti; 63,80 ₺ 
2.10.2016;Buji Takımı; 122,16 ₺ 
13.07.2015;Rot Kolu; 122,16 ₺ 
28.01.2015;Debiyaj Seti; 122,16 ₺ 
28.06.2015;Fren Disk; 63,80 ₺ 
2.08.2016;Rot Başı; 40,40 ₺ 
5.02.2015;Fren Balatası; 63,80 ₺ 
19.03.2016;Trigger Seti; 758,22 ₺ 
6.04.2016;Rot Kolu; 122,16 ₺ 
1.07.2015;Fren Balatası; 21,66 ₺ 
2.02.2015;Debiyaj Seti; 21,66 ₺ 
3.12.2016;Fren Balatası; 63,80 ₺ 
31.08.2016;Fren Disk; 21,66 ₺ 
16.05.2015;Debiyaj Seti; 425,25 ₺ 
20.04.2015;Rot Başı; 63,80 ₺ 
12.04.2016;Buji Takımı; 63,80 ₺ 
5.11.2016;Buji Takımı; 425,25 ₺ 
11.06.2016;Fren Disk; 122,16 ₺ 
5.11.2016;Fren Balatası; 758,22 ₺ 
4.03.2015;Buji Takımı; 21,66 ₺ 
24.11.2015;Buji Takımı; 63,80 ₺ 
1.08.2015;Fren Balatası; 63,80 ₺ 
20.09.2015;Buji Takımı; 425,25 ₺ 
14.04.2016;Buji Takımı; 63,80 ₺ 
25.03.2015;Buji Takımı; 21,66 ₺ 
8.03.2016;Rot Başı; 63,80 ₺ 
2.05.2016;Rot Kolu; 758,22 ₺ 
17.12.2016;Rot Kolu; 122,16 ₺ 
7.12.2015;Rot Başı; 40,40 ₺ 
5.06.2015;Rot Kolu; 21,66 ₺ 
21.11.2016;Rot Kolu; 63,80 ₺ 
29.07.2016;Fren Disk; 425,25 ₺ 
2.08.2016;Debiyaj Seti; 21,66 ₺ 
21.12.2016;Fren Disk; 758,22 ₺ 
10.03.2016;Rot Kolu; 425,25 ₺ 
25.03.2016;Debiyaj Seti; 40,40 ₺ 
22.05.2016;Rot Kolu; 63,80 ₺ 
16.08.2015;Fren Balatası; 758,22 ₺ 
16.11.2015;Rot Kolu; 758,22 ₺ 
28.04.2015;Fren Balatası; 425,25 ₺ 
19.12.2016;Buji Takımı; 63,80 ₺ 
10.07.2016;Trigger Seti; 425,25 ₺ 
26.10.2015;Trigger Seti; 758,22 ₺ 
3.11.2015;Fren Disk; 425,25 ₺ 
1.12.2015;Fren Disk; 425,25 ₺ 
14.05.2015;Rot Kolu; 40,40 ₺ 
6.01.2016;Fren Balatası; 122,16 ₺ 
20.01.2015;Trigger Seti; 40,40 ₺ 
1.09.2015;Trigger Seti; 758,22 ₺ 
6.05.2016;Debiyaj Seti; 425,25 ₺ 
9.04.2016;Rot Başı; 40,40 ₺ 
8.01.2015;Fren Balatası; 122,16 ₺ 
26.04.2016;Buji Takımı; 122,16 ₺ 
25.09.2016;Trigger Seti; 122,16 ₺ 
27.10.2015;Trigger Seti; 40,40 ₺ 
7.07.2015;Rot Başı; 758,22 ₺ 
18.09.2015;Buji Takımı; 40,40 ₺ 
3.04.2016;Rot Kolu; 758,22 ₺ 
16.09.2016;Trigger Seti; 122,16 ₺ 
4.12.2016;Trigger Seti; 40,40 ₺ 
9.09.2016;Buji Takımı; 40,40 ₺ 
12.05.2016;Trigger Seti; 40,40 ₺ 
11.02.2016;Rot Başı; 425,25 ₺ 
30.05.2016;Fren Balatası; 40,40 ₺ 
28.01.2016;Trigger Seti; 63,80 ₺ 
5.12.2015;Rot Başı; 758,22 ₺ 
18.01.2015;Debiyaj Seti; 63,80 ₺ 
29.03.2016;Debiyaj Seti; 122,16 ₺ 
22.05.2016;Fren Balatası; 63,80 ₺ 
4.08.2016;Trigger Seti; 63,80 ₺ 
3.11.2015;Rot Başı; 425,25 ₺ 
24.10.2015;Trigger Seti; 425,25 ₺ 
4.04.2016;Fren Disk; 21,66 ₺ 
14.02.2016;Rot Başı; 122,16 ₺ 
25.09.2015;Trigger Seti; 758,22 ₺ 
10.04.2016;Rot Kolu; 63,80 ₺ 
15.07.2015;Debiyaj Seti; 63,80 ₺ 
17.03.2016;Rot Kolu; 758,22 ₺ 
10.09.2015;Rot Başı; 63,80 ₺ 
18.04.2015;Fren Balatası; 122,16 ₺ 
3.08.2016;Trigger Seti; 21,66 ₺ 
22.04.2015;Rot Başı; 40,40 ₺ 
5.05.2016;Rot Başı; 63,80 ₺ 
4.12.2016;Fren Balatası; 122,16 ₺ 
19.01.2016;Rot Başı; 758,22 ₺ 
26.10.2016;Fren Disk; 21,66 ₺ 
15.02.2015;Fren Balatası; 63,80 ₺ 
12.08.2015;Buji Takımı; 63,80 ₺ 
26.01.2015;Rot Kolu; 122,16 ₺ 
11.07.2016;Rot Kolu; 63,80 ₺ 
7.01.2016;Buji Takımı; 63,80 ₺ 
8.07.2016;Buji Takımı; 122,16 ₺ 
27.09.2016;Fren Balatası; 122,16 ₺ 
22.04.2015;Rot Başı; 758,22 ₺ 
7.10.2016;Fren Disk; 63,80 ₺ 
3.05.2015;Fren Disk; 425,25 ₺ 
19.08.2015;Buji Takımı; 758,22 ₺ 
18.10.2015;Rot Başı; 63,80 ₺ 
28.04.2015;Fren Balatası; 63,80 ₺ 
14.05.2015;Fren Disk; 21,66 ₺ 
22.02.2015;Trigger Seti; 40,40 ₺ 
23.09.2016;Fren Disk; 63,80 ₺ 
26.12.2015;Rot Kolu; 425,25 ₺ 
26.10.2015;Fren Balatası; 425,25 ₺ 
5.05.2016;Debiyaj Seti; 425,25 ₺ 
23.01.2015;Trigger Seti; 21,66 ₺ 
2.05.2015;Fren Balatası; 122,16 ₺ 
1.03.2016;Trigger Seti; 63,80 ₺ 
9.09.2015;Buji Takımı; 40,40 ₺ 
4.08.2015;Rot Kolu; 21,66 ₺ 
29.12.2016;Rot Başı; 40,40 ₺ 
10.11.2016;Debiyaj Seti; 758,22 ₺ 
24.09.2015;Trigger Seti; 40,40 ₺ 
5.07.2015;Trigger Seti; 63,80 ₺ 
2.04.2015;Debiyaj Seti; 63,80 ₺ 
3.06.2016;Rot Başı; 63,80 ₺ 
20.12.2016;Rot Kolu; 122,16 ₺ 
16.01.2015;Rot Kolu; 63,80 ₺ 
9.07.2015;Trigger Seti; 40,40 ₺ 
5.03.2016;Rot Kolu; 63,80 ₺ 
17.10.2015;Debiyaj Seti; 40,40 ₺ 
4.02.2015;Debiyaj Seti; 425,25 ₺ 
24.08.2016;Rot Kolu; 40,40 ₺ 
16.04.2015;Buji Takımı; 63,80 ₺ 
5.02.2016;Rot Başı; 425,25 ₺ 
12.12.2015;Rot Kolu; 21,66 ₺ 
12.06.2015;Trigger Seti; 122,16 ₺ 
23.04.2016;Trigger Seti; 63,80 ₺ 
22.11.2015;Rot Başı; 63,80 ₺ 
12.11.2016;Rot Kolu; 122,16 ₺ 
8.12.2016;Debiyaj Seti; 21,66 ₺ 
6.08.2015;Buji Takımı; 63,80 ₺ 
28.09.2015;Rot Başı; 758,22 ₺ 
15.10.2015;Fren Disk; 758,22 ₺ 
2.02.2016;Fren Disk; 758,22 ₺ 
16.03.2015;Debiyaj Seti; 63,80 ₺ 
9.07.2015;Rot Kolu; 425,25 ₺ 
1.02.2015;Buji Takımı; 122,16 ₺ 
3.10.2015;Trigger Seti; 425,25 ₺ 
6.12.2015;Trigger Seti; 21,66 ₺ 
19.06.2016;Fren Disk; 63,80 ₺ 
16.08.2016;Buji Takımı; 63,80 ₺ 
17.01.2016;Fren Disk; 63,80 ₺ 
10.06.2016;Rot Başı; 122,16 ₺ 
30.07.2016;Fren Disk; 758,22 ₺ 
8.10.2016;Rot Başı; 40,40 ₺ 
9.03.2015;Buji Takımı; 122,16 ₺ 
9.07.2015;Buji Takımı; 758,22 ₺ 
18.04.2015;Rot Başı; 122,16 ₺ 
13.07.2016;Debiyaj Seti; 63,80 ₺ 
28.05.2015;Rot Kolu; 40,40 ₺ 
19.10.2015;Fren Disk; 758,22 ₺ 
26.03.2016;Rot Başı; 63,80 ₺ 
11.12.2016;Fren Disk; 40,40 ₺ 
10.01.2016;Fren Balatası; 122,16 ₺ 
16.06.2016;Fren Disk; 40,40 ₺ 
12.04.2015;Fren Disk; 758,22 ₺ 
12.01.2015;Trigger Seti; 122,16 ₺ 
31.01.2015;Fren Balatası; 122,16 ₺ 
3.05.2015;Trigger Seti; 758,22 ₺ 
20.07.2015;Rot Başı; 425,25 ₺ 
16.07.2016;Debiyaj Seti; 425,25 ₺ 
27.02.2015;Rot Başı; 758,22 ₺ 
25.09.2016;Fren Disk; 425,25 ₺ 
12.03.2016;Fren Balatası; 40,40 ₺ 
2.04.2015;Fren Disk; 425,25 ₺ 
28.09.2015;Rot Kolu; 758,22 ₺ 
11.06.2016;Fren Disk; 63,80 ₺ 
30.01.2015;Fren Balatası; 21,66 ₺ 
8.11.2015;Fren Balatası; 425,25 ₺ 
24.05.2015;Debiyaj Seti; 40,40 ₺ 
16.11.2016;Rot Kolu; 21,66 ₺ 
14.11.2015;Trigger Seti; 63,80 ₺ 
12.04.2015;Fren Balatası; 63,80 ₺ 
1.12.2015;Buji Takımı; 63,80 ₺ 
16.11.2016;Debiyaj Seti; 758,22 ₺ 
4.05.2016;Rot Kolu; 21,66 ₺ 
25.10.2016;Buji Takımı; 40,40 ₺ 
25.04.2015;Debiyaj Seti; 63,80 ₺ 
24.03.2015;Rot Kolu; 758,22 ₺ 
15.09.2015;Rot Kolu; 63,80 ₺ 
7.03.2016;Fren Disk; 122,16 ₺ 
16.05.2016;Rot Kolu; 21,66 ₺ 
1.10.2015;Rot Kolu; 63,80 ₺ 
8.02.2015;Rot Kolu; 63,80 ₺ 
17.07.2015;Rot Başı; 40,40 ₺ 
30.11.2015;Rot Başı; 63,80 ₺ 
21.02.2016;Rot Başı; 63,80 ₺ 
22.08.2015;Buji Takımı; 63,80 ₺ 
19.02.2016;Trigger Seti; 63,80 ₺ 
13.05.2016;Trigger Seti; 40,40 ₺ 
22.03.2015;Fren Disk; 122,16 ₺ 
9.03.2015;Trigger Seti; 63,80 ₺ 
21.03.2016;Buji Takımı; 122,16 ₺ 
25.07.2016;Rot Başı; 63,80 ₺ 
14.01.2015;Rot Başı; 425,25 ₺ 
14.08.2015;Fren Disk; 122,16 ₺ 
22.10.2015;Rot Başı; 425,25 ₺ 
21.08.2016;Buji Takımı; 63,80 ₺ 
9.10.2015;Fren Disk; 40,40 ₺ 
20.04.2015;Fren Balatası; 122,16 ₺ 
5.09.2016;Buji Takımı; 425,25 ₺ 
5.11.2016;Rot Başı; 63,80 ₺ 
14.03.2015;Debiyaj Seti; 63,80 ₺ 
4.11.2015;Fren Balatası; 122,16 ₺ 
18.07.2016;Fren Disk; 122,16 ₺ 
3.08.2016;Fren Disk; 63,80 ₺ 
21.10.2015;Rot Başı; 758,22 ₺ 
19.05.2015;Trigger Seti; 40,40 ₺ 
21.06.2016;Rot Başı; 63,80 ₺ 
19.11.2016;Debiyaj Seti; 21,66 ₺ 
25.09.2015;Rot Kolu; 425,25 ₺ 
18.07.2015;Rot Başı; 21,66 ₺ 
2.08.2015;Fren Balatası; 21,66 ₺ 
18.12.2016;Debiyaj Seti; 758,22 ₺ 
15.11.2015;Trigger Seti; 21,66 ₺ 
31.07.2016;Debiyaj Seti; 63,80 ₺ 
8.11.2015;Rot Başı; 40,40 ₺ 
27.04.2015;Rot Başı; 122,16 ₺ 
8.06.2015;Rot Başı; 425,25 ₺ 
26.05.2016;Fren Disk; 21,66 ₺ 
23.02.2015;Trigger Seti; 63,80 ₺ 
5.08.2016;Fren Disk; 63,80 ₺ 
4.12.2016;Rot Kolu; 40,40 ₺ 
26.06.2016;Rot Kolu; 21,66 ₺ 
20.08.2015;Rot Kolu; 21,66 ₺ 
20.01.2015;Rot Kolu; 425,25 ₺ 
3.04.2016;Trigger Seti; 122,16 ₺ 
25.03.2016;Rot Kolu; 40,40 ₺ 
15.06.2015;Fren Balatası; 758,22 ₺ 
9.01.2015;Fren Balatası; 758,22 ₺ 
5.06.2016;Rot Başı; 122,16 ₺ 
8.07.2015;Debiyaj Seti; 122,16 ₺ 
22.02.2016;Buji Takımı; 63,80 ₺ 
4.05.2015;Fren Balatası; 425,25 ₺ 
8.06.2015;Rot Başı; 21,66 ₺ 
12.06.2015;Debiyaj Seti; 122,16 ₺ 
10.08.2015;Rot Kolu; 40,40 ₺ 
25.10.2016;Rot Başı; 122,16 ₺ 
11.06.2015;Fren Disk; 63,80 ₺ 
10.01.2016;Rot Başı; 63,80 ₺ 
20.03.2015;Debiyaj Seti; 40,40 ₺ 
26.05.2016;Debiyaj Seti; 122,16 ₺ 
21.10.2016;Fren Balatası; 40,40 ₺ 
29.12.2015;Fren Disk; 122,16 ₺ 
14.10.2016;Fren Disk; 40,40 ₺ 
17.01.2016;Rot Kolu; 63,80 ₺ 
27.05.2015;Debiyaj Seti; 40,40 ₺ 
12.09.2016;Rot Başı; 40,40 ₺ 
24.06.2016;Debiyaj Seti; 21,66 ₺ 
3.06.2016;Rot Başı; 21,66 ₺ 
18.03.2016;Rot Kolu; 40,40 ₺ 
4.12.2016;Fren Balatası; 40,40 ₺ 
9.10.2016;Fren Disk; 425,25 ₺ 
25.01.2016;Fren Balatası; 63,80 ₺ 
29.10.2016;Fren Disk; 21,66 ₺ 
1.10.2015;Rot Kolu; 21,66 ₺ 
5.04.2016;Rot Başı; 425,25 ₺ 
13.02.2015;Rot Kolu; 40,40 ₺ 
30.09.2016;Fren Balatası; 758,22 ₺ 
26.09.2015;Fren Balatası; 21,66 ₺ 
24.11.2015;Rot Başı; 758,22 ₺ 
18.11.2016;Rot Kolu; 63,80 ₺ 
8.10.2015;Fren Balatası; 122,16 ₺ 
17.09.2016;Trigger Seti; 21,66 ₺ 
23.07.2016;Fren Balatası; 63,80 ₺ 
20.09.2015;Buji Takımı; 40,40 ₺ 
26.02.2015;Fren Balatası; 758,22 ₺ 
16.09.2015;Trigger Seti; 63,80 ₺ 
19.07.2015;Debiyaj Seti; 425,25 ₺ 
18.01.2016;Debiyaj Seti; 425,25 ₺ 
15.04.2016;Debiyaj Seti; 21,66 ₺ 
24.04.2016;Rot Kolu; 122,16 ₺ 
29.12.2016;Fren Balatası; 758,22 ₺ 
16.06.2015;Debiyaj Seti; 63,80 ₺ 
15.02.2016;Debiyaj Seti; 40,40 ₺ 
8.07.2015;Fren Disk; 63,80 ₺ 
22.09.2016;Trigger Seti; 63,80 ₺ 
25.06.2016;Debiyaj Seti; 40,40 ₺ 
13.10.2016;Debiyaj Seti; 21,66 ₺ 
9.09.2016;Rot Başı; 122,16 ₺ 
5.02.2015;Trigger Seti; 122,16 ₺ 
3.03.2015;Trigger Seti; 122,16 ₺ 
25.10.2016;Rot Kolu; 40,40 ₺ 
1.06.2016;Trigger Seti; 63,80 ₺ 
21.11.2015;Debiyaj Seti; 21,66 ₺ 
29.06.2016;Rot Kolu; 40,40 ₺ 
2.12.2015;Rot Başı; 122,16 ₺ 
16.07.2015;Rot Kolu; 21,66 ₺ 
21.07.2016;Rot Kolu; 63,80 ₺ 
22.02.2016;Fren Balatası; 758,22 ₺ 
21.09.2015;Fren Balatası; 122,16 ₺ 
9.10.2015;Debiyaj Seti; 40,40 ₺ 
8.10.2016;Debiyaj Seti; 40,40 ₺ 
6.03.2016;Rot Başı; 40,40 ₺ 
26.06.2016;Buji Takımı; 40,40 ₺ 
4.06.2016;Buji Takımı; 63,80 ₺ 
6.11.2015;Fren Disk; 425,25 ₺ 
1.02.2016;Debiyaj Seti; 758,22 ₺ 
29.04.2015;Fren Balatası; 425,25 ₺ 
9.09.2016;Rot Kolu; 758,22 ₺ 
21.04.2015;Trigger Seti; 63,80 ₺ 
5.07.2016;Fren Disk; 63,80 ₺ 
10.10.2015;Fren Balatası; 758,22 ₺ 
6.10.2015;Buji Takımı; 758,22 ₺ 
13.11.2015;Trigger Seti; 63,80 ₺ 
8.11.2016;Buji Takımı; 122,16 ₺ 
14.01.2015;Rot Kolu; 63,80 ₺ 
21.06.2015;Buji Takımı; 122,16 ₺ 
28.12.2016;Fren Balatası; 40,40 ₺ 
12.12.2016;Fren Balatası; 425,25 ₺ 
13.02.2015;Buji Takımı; 122,16 ₺ 
12.11.2015;Rot Başı; 40,40 ₺ 
2.08.2015;Trigger Seti; 63,80 ₺ 
14.11.2015;Rot Kolu; 425,25 ₺ 
9.12.2015;Rot Kolu; 63,80 ₺ 
9.04.2015;Buji Takımı; 425,25 ₺ 
10.04.2016;Rot Başı; 63,80 ₺ 
26.10.2016;Rot Başı; 21,66 ₺ 
25.02.2016;Debiyaj Seti; 425,25 ₺ 
18.08.2015;Fren Disk; 122,16 ₺ 
31.07.2015;Trigger Seti; 21,66 ₺ 
29.03.2015;Buji Takımı; 758,22 ₺ 
5.01.2016;Trigger Seti; 758,22 ₺ 
1.10.2015;Fren Disk; 21,66 ₺ 
16.03.2015;Buji Takımı; 425,25 ₺ 
5.08.2016;Fren Disk; 63,80 ₺ 
21.05.2015;Fren Balatası; 425,25 ₺ 
31.08.2016;Fren Balatası; 63,80 ₺ 
25.11.2016;Rot Başı; 21,66 ₺ 
21.10.2015;Trigger Seti; 122,16 ₺ 
3.05.2016;Debiyaj Seti; 40,40 ₺ 
8.02.2015;Debiyaj Seti; 21,66 ₺ 
13.10.2016;Trigger Seti; 63,80 ₺ 
10.11.2016;Trigger Seti; 122,16 ₺ 
28.06.2015;Trigger Seti; 63,80 ₺ 
17.01.2015;Trigger Seti; 122,16 ₺ 
9.10.2016;Fren Disk; 40,40 ₺ 
11.08.2015;Debiyaj Seti; 425,25 ₺ 
29.07.2015;Buji Takımı; 21,66 ₺ 
19.07.2016;Rot Başı; 21,66 ₺ 
26.02.2016;Rot Kolu; 63,80 ₺ 
2.05.2016;Rot Başı; 425,25 ₺ 
18.03.2016;Rot Başı; 122,16 ₺ 
19.02.2015;Buji Takımı; 21,66 ₺ 
21.09.2016;Rot Kolu; 63,80 ₺ 
18.11.2016;Rot Başı; 21,66 ₺ 
21.07.2016;Rot Başı; 425,25 ₺ 
2.02.2015;Rot Başı; 758,22 ₺ 
22.02.2016;Debiyaj Seti; 21,66 ₺ 
19.12.2016;Rot Başı; 21,66 ₺ 
9.09.2016;Buji Takımı; 21,66 ₺ 
11.08.2015;Fren Disk; 21,66 ₺ 
21.11.2016;Fren Balatası; 63,80 ₺ 
12.09.2016;Fren Disk; 425,25 ₺ 
27.02.2016;Fren Balatası; 122,16 ₺ 
30.01.2015;Buji Takımı; 21,66 ₺ 
28.12.2016;Debiyaj Seti; 758,22 ₺ 
31.05.2015;Debiyaj Seti; 63,80 ₺ 
19.03.2016;Fren Disk; 21,66 ₺ 
25.10.2016;Buji Takımı; 758,22 ₺ 
18.06.2016;Debiyaj Seti; 425,25 ₺ 
26.01.2015;Fren Balatası; 758,22 ₺ 
8.06.2015;Fren Balatası; 122,16 ₺ 
15.11.2016;Fren Disk; 63,80 ₺ 
27.12.2015;Buji Takımı; 122,16 ₺ 
17.07.2016;Trigger Seti; 63,80 ₺ 
16.04.2016;Trigger Seti; 63,80 ₺ 
9.04.2015;Debiyaj Seti; 21,66 ₺ 
3.05.2015;Debiyaj Seti; 40,40 ₺ 
15.01.2016;Fren Disk; 21,66 ₺ 
19.07.2016;Debiyaj Seti; 425,25 ₺ 
11.01.2015;Rot Başı; 21,66 ₺ 
22.02.2016;Buji Takımı; 63,80 ₺ 
27.05.2016;Fren Balatası; 758,22 ₺ 
30.11.2016;Rot Kolu; 122,16 ₺ 
15.12.2016;Debiyaj Seti; 63,80 ₺ 
3.04.2015;Rot Başı; 63,80 ₺ 
25.08.2015;Buji Takımı; 425,25 ₺ 
14.09.2016;Fren Disk; 63,80 ₺ 
3.12.2016;Trigger Seti; 63,80 ₺ 
5.11.2016;Fren Balatası; 21,66 ₺ 
27.06.2016;Debiyaj Seti; 425,25 ₺ 
27.06.2016;Buji Takımı; 63,80 ₺ 
1.05.2015;Buji Takımı; 122,16 ₺ 
21.11.2016;Fren Balatası; 21,66 ₺ 
4.09.2016;Buji Takımı; 425,25 ₺ 
22.07.2015;Trigger Seti; 63,80 ₺ 
12.03.2015;Fren Balatası; 63,80 ₺ 
2.10.2016;Fren Disk; 63,80 ₺ 
6.08.2016;Trigger Seti; 40,40 ₺ 
23.01.2016;Rot Kolu; 63,80 ₺ 
12.02.2015;Buji Takımı; 40,40 ₺ 
17.11.2015;Debiyaj Seti; 758,22 ₺ 
27.05.2015;Rot Başı; 63,80 ₺ 
28.01.2016;Debiyaj Seti; 21,66 ₺ 
27.02.2016;Fren Balatası; 425,25 ₺ 
19.03.2015;Fren Balatası; 40,40 ₺ 
20.02.2015;Rot Kolu; 63,80 ₺ 
10.11.2015;Fren Disk; 63,80 ₺ 
20.07.2016;Rot Kolu; 425,25 ₺ 
14.01.2016;Debiyaj Seti; 21,66 ₺ 
14.05.2015;Rot Başı; 122,16 ₺ 
23.03.2016;Buji Takımı; 40,40 ₺ 
15.08.2016;Trigger Seti; 40,40 ₺ 
8.10.2016;Buji Takımı; 758,22 ₺ 
20.09.2015;Debiyaj Seti; 425,25 ₺ 
13.05.2016;Fren Disk; 63,80 ₺ 
25.05.2015;Fren Disk; 122,16 ₺ 
29.06.2016;Fren Balatası; 63,80 ₺ 
16.05.2015;Rot Başı; 425,25 ₺ 
3.09.2016;Fren Balatası; 63,80 ₺ 
13.08.2015;Buji Takımı; 21,66 ₺ 
10.08.2015;Buji Takımı; 40,40 ₺ 
18.04.2015;Fren Balatası; 758,22 ₺ 
12.03.2016;Rot Kolu; 122,16 ₺ 
30.05.2016;Debiyaj Seti; 63,80 ₺ 
4.08.2016;Fren Balatası; 40,40 ₺ 
2.10.2015;Fren Balatası; 63,80 ₺ 
23.06.2015;Fren Balatası; 122,16 ₺ 
26.04.2015;Fren Disk; 63,80 ₺ 
24.02.2016;Fren Disk; 21,66 ₺ 
14.01.2015;Rot Kolu; 122,16 ₺ 
23.12.2015;Trigger Seti; 63,80 ₺ 
27.08.2016;Rot Başı; 122,16 ₺ 
30.11.2016;Debiyaj Seti; 63,80 ₺ 
18.09.2016;Debiyaj Seti; 758,22 ₺ 
10.11.2016;Rot Kolu; 425,25 ₺ 
22.06.2015;Trigger Seti; 63,80 ₺ 
26.12.2015;Debiyaj Seti; 425,25 ₺ 
6.08.2016;Debiyaj Seti; 758,22 ₺ 
28.07.2016;Rot Başı; 122,16 ₺ 
12.11.2015;Rot Kolu; 40,40 ₺ 
22.07.2016;Trigger Seti; 425,25 ₺ 
12.07.2015;Fren Balatası; 21,66 ₺ 
18.02.2015;Debiyaj Seti; 63,80 ₺ 
15.06.2016;Fren Disk; 758,22 ₺ 
26.02.2015;Fren Balatası; 40,40 ₺ 
25.08.2016;Buji Takımı; 40,40 ₺ 
20.05.2016;Rot Başı; 21,66 ₺ 
8.03.2015;Rot Başı; 21,66 ₺ 
10.12.2016;Buji Takımı; 40,40 ₺ 
21.03.2015;Fren Balatası; 63,80 ₺ 
20.12.2016;Fren Balatası; 425,25 ₺ 
15.01.2016;Rot Başı; 758,22 ₺ 
17.06.2016;Fren Disk; 63,80 ₺ 
22.04.2015;Buji Takımı; 63,80 ₺ 
14.06.2015;Buji Takımı; 21,66 ₺ 
26.03.2016;Debiyaj Seti; 122,16 ₺ 
1.04.2015;Debiyaj Seti; 40,40 ₺ 
29.07.2015;Fren Balatası; 63,80 ₺ 
2.07.2016;Debiyaj Seti; 40,40 ₺ 
22.08.2015;Rot Başı; 63,80 ₺ 
3.08.2015;Rot Kolu; 63,80 ₺ 
19.09.2016;Buji Takımı; 63,80 ₺ 
2.06.2016;Rot Kolu; 758,22 ₺ 
17.05.2015;Buji Takımı; 21,66 ₺ 
1.09.2016;Fren Balatası; 758,22 ₺ 
27.11.2016;Rot Kolu; 122,16 ₺ 
14.01.2016;Rot Kolu; 758,22 ₺ 
27.12.2016;Fren Disk; 21,66 ₺ 
8.09.2015;Fren Balatası; 40,40 ₺ 
19.12.2015;Fren Balatası; 40,40 ₺ 
11.11.2015;Rot Kolu; 21,66 ₺ 
3.07.2015;Debiyaj Seti; 21,66 ₺ 
25.03.2015;Debiyaj Seti; 21,66 ₺ 
8.02.2016;Rot Başı; 63,80 ₺ 
21.02.2015;Buji Takımı; 425,25 ₺ 
31.05.2015;Buji Takımı; 758,22 ₺ 
18.08.2015;Buji Takımı; 21,66 ₺ 
30.05.2015;Trigger Seti; 122,16 ₺ 
29.01.2016;Rot Başı; 63,80 ₺ 
16.03.2016;Debiyaj Seti; 122,16 ₺ 
14.04.2015;Rot Başı; 63,80 ₺ 
21.02.2015;Rot Başı; 758,22 ₺ 
30.01.2015;Fren Disk; 63,80 ₺ 
28.12.2016;Debiyaj Seti; 63,80 ₺ 
16.05.2015;Rot Başı; 21,66 ₺ 
9.12.2016;Fren Balatası; 40,40 ₺ 
3.05.2016;Trigger Seti; 40,40 ₺ 
18.12.2015;Debiyaj Seti; 63,80 ₺ 
15.08.2015;Rot Kolu; 63,80 ₺ 
19.11.2016;Buji Takımı; 40,40 ₺ 
22.09.2015;Fren Balatası; 63,80 ₺ 
1.01.2016;Buji Takımı; 21,66 ₺ 
18.10.2016;Rot Başı; 63,80 ₺ 
26.01.2015;Rot Başı; 63,80 ₺ 
10.12.2016;Debiyaj Seti; 21,66 ₺ 
19.08.2016;Rot Başı; 425,25 ₺ 
6.04.2015;Fren Balatası; 122,16 ₺ 
27.05.2016;Rot Kolu; 40,40 ₺ 
13.09.2015;Rot Başı; 63,80 ₺ 
26.07.2015;Fren Balatası; 758,22 ₺ 
28.10.2015;Buji Takımı; 122,16 ₺ 
31.05.2015;Fren Balatası; 21,66 ₺ 
14.05.2016;Fren Disk; 21,66 ₺ 
15.12.2016;Rot Başı; 40,40 ₺ 
15.01.2015;Buji Takımı; 122,16 ₺ 
24.10.2016;Debiyaj Seti; 758,22 ₺ 
13.02.2015;Debiyaj Seti; 758,22 ₺ 
8.01.2016;Rot Kolu; 63,80 ₺ 
2.03.2016;Fren Balatası; 40,40 ₺ 
28.08.2016;Fren Disk; 40,40 ₺ 
29.01.2015;Rot Başı; 63,80 ₺ 
30.11.2015;Fren Balatası; 758,22 ₺ 
6.03.2016;Rot Başı; 425,25 ₺ 
30.06.2015;Debiyaj Seti; 21,66 ₺ 
30.10.2015;Debiyaj Seti; 122,16 ₺ 
11.10.2016;Buji Takımı; 63,80 ₺ 
25.07.2016;Rot Kolu; 63,80 ₺ 
10.04.2015;Rot Kolu; 63,80 ₺ 
21.02.2015;Rot Kolu; 425,25 ₺ 
11.02.2015;Buji Takımı; 63,80 ₺ 
11.03.2015;Rot Başı; 122,16 ₺ 
7.06.2015;Fren Balatası; 425,25 ₺ 
7.09.2016;Fren Balatası; 63,80 ₺ 
20.11.2015;Trigger Seti; 21,66 ₺ 
14.05.2016;Trigger Seti; 758,22 ₺ 
15.11.2015;Rot Kolu; 122,16 ₺ 
3.10.2016;Buji Takımı; 21,66 ₺ 
30.12.2015;Debiyaj Seti; 122,16 ₺ 
5.10.2015;Debiyaj Seti; 122,16 ₺ 
8.03.2015;Fren Balatası; 21,66 ₺ 
28.07.2016;Debiyaj Seti; 122,16 ₺ 
13.04.2015;Buji Takımı; 758,22 ₺ 
13.08.2015;Debiyaj Seti; 63,80 ₺ 
15.09.2016;Trigger Seti; 40,40 ₺ 
28.08.2015;Fren Balatası; 63,80 ₺ 
18.12.2015;Rot Başı; 758,22 ₺ 
24.05.2016;Debiyaj Seti; 21,66 ₺ 
13.01.2015;Fren Disk; 758,22 ₺ 
13.12.2015;Rot Başı; 63,80 ₺ 
23.08.2015;Fren Disk; 122,16 ₺ 
4.02.2015;Rot Kolu; 63,80 ₺ 
2.11.2015;Trigger Seti; 425,25 ₺ 
15.03.2015;Debiyaj Seti; 425,25 ₺ 
3.01.2016;Trigger Seti; 758,22 ₺ 
22.03.2015;Rot Başı; 40,40 ₺ 
4.10.2015;Rot Kolu; 425,25 ₺ 
10.08.2016;Rot Başı; 425,25 ₺ 
25.05.2015;Debiyaj Seti; 122,16 ₺ 
6.01.2015;Fren Disk; 122,16 ₺ 
31.07.2015;Rot Başı; 21,66 ₺ 
11.07.2016;Trigger Seti; 63,80 ₺ 
31.08.2016;Rot Başı; 40,40 ₺ 
24.07.2015;Rot Kolu; 122,16 ₺ 
1.10.2015;Debiyaj Seti; 21,66 ₺ 
23.01.2015;Fren Balatası; 63,80 ₺ 
27.12.2016;Fren Balatası; 40,40 ₺ 
2.07.2015;Fren Balatası; 21,66 ₺ 
18.04.2015;Debiyaj Seti; 40,40 ₺ 
9.11.2015;Buji Takımı; 63,80 ₺ 
12.11.2016;Buji Takımı; 63,80 ₺ 
30.07.2016;Trigger Seti; 425,25 ₺ 
17.08.2015;Buji Takımı; 63,80 ₺ 
8.02.2016;Fren Balatası; 425,25 ₺ 
22.08.2016;Rot Başı; 122,16 ₺ 
18.09.2016;Fren Balatası; 425,25 ₺ 
27.04.2016;Debiyaj Seti; 63,80 ₺ 
8.07.2016;Buji Takımı; 63,80 ₺ 
4.07.2015;Trigger Seti; 758,22 ₺ 
11.06.2016;Rot Başı; 63,80 ₺ 
3.01.2016;Rot Başı; 63,80 ₺ 
9.11.2015;Trigger Seti; 425,25 ₺ 
23.12.2016;Fren Balatası; 425,25 ₺ 
31.10.2016;Rot Kolu; 425,25 ₺ 
23.04.2016;Fren Disk; 63,80 ₺ 
14.07.2015;Fren Balatası; 122,16 ₺ 
15.12.2015;Buji Takımı; 21,66 ₺ 
2.02.2016;Trigger Seti; 758,22 ₺ 
25.06.2015;Trigger Seti; 63,80 ₺ 
2.08.2016;Fren Balatası; 21,66 ₺ 
4.01.2015;Rot Kolu; 758,22 ₺ 
1.02.2016;Rot Kolu; 63,80 ₺ 
1.11.2016;Rot Kolu; 122,16 ₺ 
8.11.2016;Trigger Seti; 63,80 ₺ 
3.12.2016;Debiyaj Seti; 758,22 ₺ 
11.11.2016;Trigger Seti; 425,25 ₺ 
23.03.2015;Debiyaj Seti; 63,80 ₺ 
7.12.2016;Fren Disk; 425,25 ₺ 
12.05.2016;Buji Takımı; 122,16 ₺ 
17.03.2015;Fren Disk; 122,16 ₺ 
28.09.2016;Rot Başı; 63,80 ₺ 
7.02.2015;Rot Kolu; 40,40 ₺ 
20.09.2015;Debiyaj Seti; 63,80 ₺ 
21.02.2015;Trigger Seti; 63,80 ₺ 
22.08.2015;Rot Kolu; 40,40 ₺ 
12.08.2015;Buji Takımı; 425,25 ₺ 
29.11.2016;Rot Başı; 63,80 ₺ 
16.08.2016;Rot Başı; 63,80 ₺ 
1.05.2016;Debiyaj Seti; 758,22 ₺ 
20.10.2016;Buji Takımı; 425,25 ₺ 
28.11.2016;Trigger Seti; 122,16 ₺ 
29.01.2015;Fren Balatası; 122,16 ₺ 
26.10.2015;Rot Başı; 758,22 ₺ 
20.01.2015;Fren Disk; 63,80 ₺ 
1.02.2015;Fren Disk; 40,40 ₺ 
8.06.2015;Buji Takımı; 63,80 ₺ 
31.08.2015;Trigger Seti; 758,22 ₺ 
5.07.2016;Buji Takımı; 21,66 ₺ 
4.09.2015;Buji Takımı; 122,16 ₺ 
19.05.2016;Rot Kolu; 122,16 ₺ 
17.11.2016;Trigger Seti; 122,16 ₺ 
3.10.2016;Debiyaj Seti; 425,25 ₺ 
26.01.2016;Rot Başı; 122,16 ₺ 
4.11.2016;Rot Başı; 425,25 ₺ 
18.05.2016;Buji Takımı; 63,80 ₺ 
7.12.2016;Fren Balatası; 40,40 ₺ 
4.03.2015;Trigger Seti; 21,66 ₺ 
6.02.2015;Buji Takımı; 21,66 ₺ 
20.11.2015;Buji Takımı; 425,25 ₺ 
25.03.2015;Debiyaj Seti; 122,16 ₺ 
14.01.2016;Buji Takımı; 21,66 ₺ 
31.12.2015;Buji Takımı; 63,80 ₺ 
22.07.2016;Trigger Seti; 63,80 ₺ 
22.10.2016;Trigger Seti; 63,80 ₺ 
15.08.2015;Trigger Seti; 63,80 ₺ 
26.07.2015;Rot Başı; 63,80 ₺ 
14.01.2016;Rot Kolu; 758,22 ₺ 
29.06.2015;Debiyaj Seti; 122,16 ₺ 
20.09.2015;Fren Balatası; 63,80 ₺ 
3.02.2016;Rot Kolu; 63,80 ₺ 
7.02.2015;Rot Kolu; 40,40 ₺ 
21.04.2015;Fren Balatası; 122,16 ₺ 
22.11.2016;Fren Balatası; 40,40 ₺ 
31.01.2015;Buji Takımı; 63,80 ₺ 
30.11.2016;Rot Başı; 40,40 ₺ 
21.03.2015;Fren Balatası; 425,25 ₺ 
7.03.2015;Buji Takımı; 122,16 ₺ 
12.01.2015;Rot Başı; 63,80 ₺ 
5.05.2016;Rot Kolu; 122,16 ₺ 
29.04.2015;Rot Başı; 21,66 ₺ 
3.04.2015;Rot Başı; 40,40 ₺ 
26.02.2015;Rot Kolu; 63,80 ₺ 
4.11.2015;Rot Kolu; 63,80 ₺ 
30.07.2015;Fren Balatası; 758,22 ₺ 
28.06.2015;Buji Takımı; 122,16 ₺ 
11.12.2016;Trigger Seti; 425,25 ₺ 
11.04.2016;Debiyaj Seti; 63,80 ₺ 
20.12.2015;Fren Disk; 63,80 ₺ 
19.04.2015;Debiyaj Seti; 425,25 ₺ 
7.07.2015;Buji Takımı; 21,66 ₺ 
26.07.2016;Debiyaj Seti; 425,25 ₺ 
16.01.2015;Rot Kolu; 63,80 ₺ 
14.09.2015;Rot Kolu; 122,16 ₺ 
16.08.2015;Debiyaj Seti; 40,40 ₺ 
14.03.2015;Buji Takımı; 122,16 ₺ 
21.02.2015;Rot Kolu; 40,40 ₺ 
18.01.2016;Fren Balatası; 21,66 ₺ 
7.12.2016;Rot Başı; 63,80 ₺ 
13.01.2016;Trigger Seti; 21,66 ₺ 
11.04.2015;Rot Başı; 40,40 ₺ 
25.03.2016;Debiyaj Seti; 758,22 ₺ 
16.07.2015;Debiyaj Seti; 21,66 ₺ 
4.02.2015;Buji Takımı; 122,16 ₺ 
7.09.2016;Rot Kolu; 122,16 ₺ 
4.04.2015;Fren Disk; 425,25 ₺ 
26.08.2016;Debiyaj Seti; 63,80 ₺ 
17.10.2015;Trigger Seti; 63,80 ₺ 
1.08.2016;Fren Disk; 425,25 ₺ 
9.06.2015;Trigger Seti; 63,80 ₺ 
11.08.2015;Debiyaj Seti; 122,16 ₺ 
12.05.2016;Buji Takımı; 21,66 ₺ 
20.11.2016;Trigger Seti; 40,40 ₺ 
8.04.2016;Fren Disk; 40,40 ₺ 
15.09.2016;Fren Disk; 425,25 ₺ 
6.12.2016;Fren Disk; 63,80 ₺ 
2.06.2015;Trigger Seti; 63,80 ₺ 
23.09.2016;Rot Başı; 758,22 ₺ 
6.05.2015;Fren Disk; 63,80 ₺ 
12.04.2015;Debiyaj Seti; 758,22 ₺ 
7.06.2016;Rot Kolu; 63,80 ₺ 
17.01.2016;Buji Takımı; 122,16 ₺ 
18.12.2015;Rot Kolu; 425,25 ₺ 
15.01.2015;Rot Kolu; 122,16 ₺ 
6.02.2015;Buji Takımı; 21,66 ₺ 
24.08.2016;Fren Balatası; 40,40 ₺ 
8.04.2016;Trigger Seti; 425,25 ₺ 
5.10.2015;Trigger Seti; 63,80 ₺ 
28.07.2016;Buji Takımı; 40,40 ₺ 
18.07.2015;Buji Takımı; 40,40 ₺ 
21.01.2016;Debiyaj Seti; 425,25 ₺ 
12.04.2016;Debiyaj Seti; 122,16 ₺ 
1.02.2015;Fren Balatası; 63,80 ₺ 
17.04.2015;Buji Takımı; 63,80 ₺ 
17.12.2015;Fren Balatası; 425,25 ₺ 
15.02.2016;Trigger Seti; 40,40 ₺ 
27.07.2016;Buji Takımı; 40,40 ₺ 
18.06.2016;Debiyaj Seti; 425,25 ₺ 
27.02.2015;Fren Balatası; 63,80 ₺ 
10.04.2016;Buji Takımı; 40,40 ₺ 
27.10.2016;Debiyaj Seti; 63,80 ₺ 
4.06.2015;Debiyaj Seti; 63,80 ₺ 
10.07.2016;Buji Takımı; 425,25 ₺ 
15.03.2015;Trigger Seti; 758,22 ₺ 
13.07.2016;Fren Disk; 40,40 ₺ 
25.10.2016;Fren Disk; 122,16 ₺ 
21.11.2016;Trigger Seti; 21,66 ₺ 
26.07.2016;Rot Kolu; 758,22 ₺ 
11.09.2016;Debiyaj Seti; 40,40 ₺ 
15.01.2015;Debiyaj Seti; 425,25 ₺ 
15.02.2016;Fren Balatası; 425,25 ₺ 
2.02.2016;Trigger Seti; 758,22 ₺ 
28.05.2016;Rot Kolu; 40,40 ₺ 
11.04.2016;Rot Kolu; 40,40 ₺ 
13.06.2016;Rot Kolu; 758,22 ₺ 
12.09.2016;Rot Kolu; 21,66 ₺ 
12.12.2016;Fren Balatası; 40,40 ₺ 
24.12.2016;Rot Başı; 40,40 ₺ 
2.09.2016;Fren Balatası; 21,66 ₺ 
21.12.2015;Fren Balatası; 63,80 ₺ 
19.08.2016;Rot Kolu; 63,80 ₺ 
9.11.2015;Fren Balatası; 63,80 ₺ 
22.07.2015;Fren Balatası; 122,16 ₺ 
9.06.2016;Fren Disk; 63,80 ₺ 
21.02.2015;Debiyaj Seti; 122,16 ₺ 
20.12.2015;Fren Disk; 425,25 ₺ 
23.02.2015;Debiyaj Seti; 425,25 ₺ 
3.08.2015;Fren Disk; 758,22 ₺ 
30.11.2016;Rot Başı; 425,25 ₺ 
27.03.2016;Rot Başı; 758,22 ₺ 
19.06.2015;Trigger Seti; 21,66 ₺ 
27.03.2016;Debiyaj Seti; 758,22 ₺ 
3.03.2015;Rot Başı; 40,40 ₺ 
17.02.2015;Fren Disk; 758,22 ₺ 
4.07.2015;Buji Takımı; 21,66 ₺ 
22.04.2015;Fren Balatası; 21,66 ₺ 
17.06.2015;Fren Disk; 63,80 ₺ 
3.02.2016;Trigger Seti; 63,80 ₺ 
9.01.2016;Debiyaj Seti; 425,25 ₺ 
8.07.2015;Rot Başı; 425,25 ₺ 
8.11.2016;Trigger Seti; 122,16 ₺ 
12.05.2016;Rot Kolu; 40,40 ₺ 
8.08.2015;Buji Takımı; 40,40 ₺ 
24.04.2016;Fren Disk; 758,22 ₺ 
21.12.2016;Trigger Seti; 63,80 ₺ 
26.10.2015;Fren Disk; 21,66 ₺ 
4.02.2016;Buji Takımı; 63,80 ₺ 
23.02.2016;Fren Balatası; 40,40 ₺ 
28.07.2015;Buji Takımı; 21,66 ₺ 
28.07.2016;Fren Balatası; 425,25 ₺ 
23.12.2016;Rot Kolu; 40,40 ₺ 
22.09.2016;Fren Balatası; 40,40 ₺ 
27.07.2015;Rot Kolu; 122,16 ₺ 
10.05.2016;Rot Kolu; 122,16 ₺ 
7.04.2015;Trigger Seti; 63,80 ₺ 
11.12.2015;Fren Balatası; 425,25 ₺ 
10.01.2015;Fren Disk; 40,40 ₺ 
14.01.2016;Fren Balatası; 425,25 ₺ 
31.12.2016;Fren Balatası; 40,40 ₺ 
28.06.2016;Debiyaj Seti; 758,22 ₺ 
1.10.2016;Fren Balatası; 21,66 ₺ 
8.05.2015;Rot Başı; 425,25 ₺ 
28.11.2016;Rot Kolu; 425,25 ₺ 
15.03.2015;Fren Balatası; 758,22 ₺ 
5.12.2015;Debiyaj Seti; 63,80 ₺ 
2.12.2016;Fren Balatası; 63,80 ₺ 
15.11.2015;Rot Başı; 63,80 ₺ 
3.03.2016;Fren Balatası; 122,16 ₺ 
27.11.2016;Rot Başı; 425,25 ₺ 
5.03.2015;Rot Kolu; 63,80 ₺ 
29.03.2016;Debiyaj Seti; 63,80 ₺ 
8.05.2015;Trigger Seti; 63,80 ₺ 
29.02.2016;Buji Takımı; 758,22 ₺ 
29.09.2015;Fren Disk; 758,22 ₺ 
26.01.2016;Rot Başı; 425,25 ₺ 
14.11.2015;Fren Disk; 758,22 ₺ 
12.10.2016;Debiyaj Seti; 40,40 ₺ 
30.07.2015;Debiyaj Seti; 63,80 ₺ 
15.06.2015;Debiyaj Seti; 758,22 ₺ 
3.04.2016;Fren Balatası; 63,80 ₺ 
1.10.2015;Rot Kolu; 425,25 ₺ 
22.03.2016;Rot Kolu; 758,22 ₺ 
5.07.2015;Buji Takımı; 122,16 ₺ 
23.02.2016;Rot Başı; 21,66 ₺ 
24.08.2015;Fren Disk; 425,25 ₺ 
20.08.2016;Rot Kolu; 122,16 ₺ 
18.09.2016;Fren Balatası; 21,66 ₺ 
25.05.2016;Rot Kolu; 425,25 ₺ 
12.06.2016;Fren Balatası; 63,80 ₺ 
23.05.2016;Fren Balatası; 758,22 ₺ 
10.11.2015;Trigger Seti; 21,66 ₺ 
9.06.2016;Debiyaj Seti; 758,22 ₺ 
11.09.2016;Debiyaj Seti; 63,80 ₺ 
9.02.2016;Debiyaj Seti; 63,80 ₺ 
13.07.2015;Rot Başı; 122,16 ₺ 
7.11.2015;Fren Disk; 122,16 ₺ 
23.10.2016;Rot Kolu; 40,40 ₺ 
7.02.2016;Fren Balatası; 40,40 ₺ 
4.08.2015;Fren Balatası; 425,25 ₺ 
30.07.2015;Debiyaj Seti; 63,80 ₺ 
3.11.2016;Fren Balatası; 40,40 ₺ 
27.09.2015;Trigger Seti; 63,80 ₺ 
22.06.2015;Debiyaj Seti; 63,80 ₺ 
19.04.2015;Debiyaj Seti; 21,66 ₺ 
5.06.2015;Debiyaj Seti; 63,80 ₺ 
21.10.2016;Rot Kolu; 758,22 ₺ 
11.02.2016;Debiyaj Seti; 122,16 ₺ 
2.08.2016;Fren Balatası; 425,25 ₺ 
22.04.2015;Rot Başı; 21,66 ₺ 
4.03.2015;Rot Kolu; 425,25 ₺ 
6.03.2015;Rot Başı; 63,80 ₺ 
25.02.2016;Debiyaj Seti; 63,80 ₺ 
1.04.2015;Trigger Seti; 122,16 ₺ 
30.01.2015;Trigger Seti; 21,66 ₺ 
26.06.2015;Fren Disk; 758,22 ₺ 
16.06.2016;Rot Başı; 122,16 ₺ 
21.10.2015;Fren Balatası; 40,40 ₺ 
3.05.2015;Buji Takımı; 63,80 ₺ 
6.01.2016;Debiyaj Seti; 758,22 ₺ 
27.07.2016;Rot Başı; 21,66 ₺ 
31.03.2015;Trigger Seti; 758,22 ₺ 
27.02.2015;Buji Takımı; 63,80 ₺ 
13.07.2016;Fren Balatası; 63,80 ₺ 
20.05.2016;Debiyaj Seti; 40,40 ₺ 
7.05.2015;Rot Kolu; 425,25 ₺ 
8.06.2016;Trigger Seti; 40,40 ₺ 
31.08.2016;Fren Balatası; 63,80 ₺ 
17.12.2016;Trigger Seti; 122,16 ₺ 
12.03.2015;Fren Balatası; 122,16 ₺ 
22.04.2015;Rot Kolu; 425,25 ₺ 
17.06.2015;Debiyaj Seti; 122,16 ₺ 
11.02.2016;Trigger Seti; 63,80 ₺ 
9.05.2015;Fren Disk; 63,80 ₺ 
14.12.2015;Rot Kolu; 63,80 ₺ 
18.01.2015;Fren Disk; 425,25 ₺ 
12.10.2015;Buji Takımı; 425,25 ₺ 
19.03.2015;Rot Başı; 63,80 ₺ 
20.05.2015;Rot Başı; 21,66 ₺ 
29.01.2016;Rot Kolu; 40,40 ₺ 
13.02.2016;Buji Takımı; 425,25 ₺ 
13.09.2015;Buji Takımı; 758,22 ₺ 
2.12.2016;Debiyaj Seti; 758,22 ₺ 
15.07.2015;Buji Takımı; 122,16 ₺ 
8.11.2016;Debiyaj Seti; 63,80 ₺ 
8.06.2015;Rot Başı; 122,16 ₺ 
2.05.2016;Rot Başı; 21,66 ₺ 
17.01.2015;Rot Başı; 63,80 ₺ 
2.03.2016;Buji Takımı; 63,80 ₺ 
6.01.2016;Fren Disk; 63,80 ₺ 
17.09.2016;Trigger Seti; 758,22 ₺ 
7.04.2015;Trigger Seti; 122,16 ₺ 
2.05.2016;Buji Takımı; 425,25 ₺ 
8.01.2016;Fren Balatası; 425,25 ₺ 
1.02.2015;Debiyaj Seti; 63,80 ₺ 
6.04.2016;Fren Balatası; 758,22 ₺ 
8.07.2016;Trigger Seti; 425,25 ₺ 
10.06.2015;Fren Disk; 63,80 ₺ 
23.09.2015;Fren Balatası; 122,16 ₺ 
28.08.2016;Buji Takımı; 40,40 ₺ 
20.06.2016;Fren Balatası; 758,22 ₺ 
14.10.2016;Buji Takımı; 758,22 ₺ 
4.11.2016;Buji Takımı; 40,40 ₺ 
17.12.2016;Trigger Seti; 425,25 ₺ 
3.10.2016;Fren Disk; 425,25 ₺ 
6.01.2016;Debiyaj Seti; 122,16 ₺ 
1.06.2015;Rot Başı; 40,40 ₺ 
8.10.2016;Fren Disk; 122,16 ₺ 
19.06.2016;Rot Kolu; 758,22 ₺ 
12.02.2015;Trigger Seti; 122,16 ₺ 
8.11.2016;Fren Balatası; 21,66 ₺ 
3.05.2015;Buji Takımı; 21,66 ₺ 
26.05.2015;Rot Kolu; 425,25 ₺ 
27.12.2016;Fren Disk; 63,80 ₺ 
1.09.2015;Debiyaj Seti; 122,16 ₺ 
23.02.2015;Fren Balatası; 758,22 ₺ 
11.07.2015;Fren Balatası; 63,80 ₺ 
27.03.2015;Fren Balatası; 40,40 ₺ 
15.12.2016;Rot Kolu; 122,16 ₺ 
4.02.2016;Rot Kolu; 425,25 ₺ 
23.08.2016;Rot Başı; 63,80 ₺ 
26.02.2015;Rot Kolu; 758,22 ₺ 
3.05.2016;Trigger Seti; 40,40 ₺ 
17.02.2016;Trigger Seti; 63,80 ₺ 
4.01.2015;Rot Kolu; 758,22 ₺ 
26.11.2016;Buji Takımı; 63,80 ₺ 
23.10.2015;Debiyaj Seti; 21,66 ₺ 
14.04.2016;Fren Disk; 40,40 ₺ 
20.02.2016;Debiyaj Seti; 758,22 ₺ 
26.08.2015;Rot Başı; 40,40 ₺ 
22.01.2015;Rot Başı; 758,22 ₺ 
11.03.2016;Fren Disk; 63,80 ₺ 
26.09.2015;Rot Başı; 758,22 ₺ 
25.07.2015;Rot Kolu; 63,80 ₺ 
29.07.2016;Fren Balatası; 122,16 ₺ 
8.06.2015;Buji Takımı; 122,16 ₺ 
27.11.2016;Rot Kolu; 21,66 ₺ 
14.07.2016;Rot Kolu; 425,25 ₺ 
8.11.2015;Debiyaj Seti; 21,66 ₺ 
4.12.2015;Debiyaj Seti; 40,40 ₺ 
4.01.2016;Rot Kolu; 63,80 ₺ 
11.06.2015;Debiyaj Seti; 40,40 ₺ 
17.07.2016;Fren Balatası; 21,66 ₺ 
10.04.2015;Fren Disk; 122,16 ₺ 
29.12.2016;Fren Balatası; 63,80 ₺ 
14.08.2016;Rot Kolu; 21,66 ₺ 
26.10.2016;Fren Balatası; 63,80 ₺ 
23.09.2016;Rot Başı; 63,80 ₺ 
16.03.2015;Debiyaj Seti; 425,25 ₺ 
16.02.2016;Fren Disk; 63,80 ₺ 
29.12.2016;Trigger Seti; 425,25 ₺ 
9.01.2016;Trigger Seti; 40,40 ₺ 
14.01.2016;Fren Balatası; 21,66 ₺ 
18.07.2016;Debiyaj Seti; 425,25 ₺ 
12.07.2016;Fren Balatası; 122,16 ₺ 
7.05.2015;Debiyaj Seti; 122,16 ₺ 
6.02.2015;Fren Disk; 63,80 ₺ 
20.11.2015;Trigger Seti; 63,80 ₺ 
30.10.2016;Debiyaj Seti; 758,22 ₺ 
10.06.2015;Buji Takımı; 40,40 ₺ 
7.01.2016;Fren Disk; 122,16 ₺ 
3.01.2015;Buji Takımı; 63,80 ₺ 
30.01.2016;Buji Takımı; 122,16 ₺ 
5.10.2016;Fren Balatası; 758,22 ₺ 
12.05.2016;Fren Balatası; 40,40 ₺ 
21.10.2016;Trigger Seti; 40,40 ₺ 
4.09.2015;Fren Balatası; 122,16 ₺ 
25.02.2015;Fren Disk; 425,25 ₺ 
8.05.2015;Fren Balatası; 21,66 ₺ 
12.07.2016;Fren Disk; 63,80 ₺ 
14.04.2015;Trigger Seti; 63,80 ₺ 
17.10.2016;Debiyaj Seti; 425,25 ₺ 
3.12.2016;Trigger Seti; 122,16 ₺ 
12.08.2016;Rot Kolu; 63,80 ₺ 
5.06.2015;Fren Balatası; 63,80 ₺ 
22.02.2016;Rot Kolu; 63,80 ₺ 
23.08.2016;Rot Kolu; 40,40 ₺ 
16.04.2015;Rot Kolu; 758,22 ₺ 
13.06.2015;Fren Disk; 21,66 ₺ 
21.10.2015;Debiyaj Seti; 425,25 ₺ 
17.06.2015;Rot Kolu; 758,22 ₺ 
2.06.2015;Buji Takımı; 758,22 ₺ 
14.12.2015;Trigger Seti; 758,22 ₺ 
4.08.2016;Fren Disk; 40,40 ₺ 
3.04.2015;Rot Kolu; 63,80 ₺ 
3.03.2015;Rot Kolu; 63,80 ₺ 
8.07.2016;Trigger Seti; 122,16 ₺ 
27.08.2016;Trigger Seti; 63,80 ₺ 
23.03.2015;Rot Başı; 758,22 ₺ 
3.10.2015;Buji Takımı; 122,16 ₺ 
27.09.2016;Fren Balatası; 425,25 ₺ 
12.06.2015;Fren Balatası; 63,80 ₺ 
12.07.2015;Trigger Seti; 21,66 ₺ 
30.09.2015;Trigger Seti; 425,25 ₺ 
18.09.2016;Rot Başı; 122,16 ₺ 
2.08.2015;Fren Disk; 21,66 ₺ 
11.08.2016;Fren Disk; 40,40 ₺ 
25.08.2015;Fren Disk; 758,22 ₺ 
22.03.2016;Debiyaj Seti; 63,80 ₺ 
14.04.2016;Rot Başı; 758,22 ₺ 
10.07.2016;Fren Balatası; 21,66 ₺ 
27.12.2015;Debiyaj Seti; 21,66 ₺ 
19.07.2015;Trigger Seti; 63,80 ₺ 
1.03.2016;Buji Takımı; 758,22 ₺ 
17.02.2016;Buji Takımı; 21,66 ₺ 
8.07.2015;Trigger Seti; 122,16 ₺ 
23.10.2015;Debiyaj Seti; 63,80 ₺ 
11.05.2015;Debiyaj Seti; 122,16 ₺ 
13.01.2015;Rot Kolu; 425,25 ₺ 
21.08.2016;Debiyaj Seti; 425,25 ₺ 
26.09.2015;Fren Balatası; 21,66 ₺ 
20.07.2016;Buji Takımı; 21,66 ₺ 
25.10.2015;Debiyaj Seti; 758,22 ₺ 
22.09.2015;Rot Kolu; 425,25 ₺ 
25.09.2015;Rot Başı; 425,25 ₺ 
25.08.2016;Trigger Seti; 63,80 ₺ 
22.06.2016;Buji Takımı; 63,80 ₺ 
14.02.2016;Fren Disk; 122,16 ₺ 
18.12.2015;Trigger Seti; 758,22 ₺ 
4.12.2016;Fren Disk; 63,80 ₺ 
12.09.2016;Rot Kolu; 21,66 ₺ 
14.06.2016;Debiyaj Seti; 21,66 ₺ 
21.09.2016;Debiyaj Seti; 63,80 ₺ 
24.01.2016;Buji Takımı; 63,80 ₺ 
14.04.2016;Trigger Seti; 63,80 ₺ 
3.11.2016;Buji Takımı; 425,25 ₺ 
25.01.2015;Fren Balatası; 758,22 ₺ 
13.02.2016;Rot Başı; 758,22 ₺ 
9.02.2015;Fren Balatası; 63,80 ₺ 
1.09.2015;Rot Kolu; 425,25 ₺ 
14.06.2016;Trigger Seti; 63,80 ₺ 
17.10.2016;Buji Takımı; 425,25 ₺ 
3.02.2016;Rot Başı; 40,40 ₺ 
27.10.2016;Debiyaj Seti; 122,16 ₺ 
24.04.2016;Buji Takımı; 758,22 ₺ 
24.10.2015;Rot Kolu; 63,80 ₺ 
17.12.2015;Buji Takımı; 122,16 ₺ 
22.12.2015;Rot Kolu; 40,40 ₺ 
3.02.2015;Fren Disk; 122,16 ₺ 
1.07.2016;Trigger Seti; 21,66 ₺ 
1.04.2015;Rot Başı; 758,22 ₺ 
28.11.2016;Fren Disk; 425,25 ₺ 
1.11.2015;Fren Balatası; 425,25 ₺ 
9.01.2016;Fren Disk; 40,40 ₺ 
12.06.2016;Fren Disk; 425,25 ₺ 
20.09.2016;Fren Disk; 758,22 ₺ 
11.07.2015;Rot Kolu; 21,66 ₺ 
27.10.2016;Buji Takımı; 425,25 ₺ 
27.03.2015;Buji Takımı; 63,80 ₺ 
11.01.2016;Fren Disk; 21,66 ₺ 
13.01.2016;Debiyaj Seti; 758,22 ₺ 
15.10.2015;Fren Disk; 122,16 ₺ 
25.09.2016;Buji Takımı; 425,25 ₺ 
27.06.2015;Debiyaj Seti; 425,25 ₺ 
1.05.2016;Fren Balatası; 63,80 ₺ 
26.07.2016;Fren Disk; 63,80 ₺ 
20.01.2015;Debiyaj Seti; 63,80 ₺ 
11.10.2015;Fren Balatası; 63,80 ₺ 
13.02.2015;Fren Balatası; 63,80 ₺ 
20.04.2015;Rot Başı; 63,80 ₺ 
2.11.2016;Fren Disk; 122,16 ₺ 
7.02.2015;Fren Disk; 425,25 ₺ 
13.01.2016;Debiyaj Seti; 122,16 ₺ 
18.08.2016;Rot Kolu; 21,66 ₺ 
17.06.2015;Debiyaj Seti; 21,66 ₺ 
14.07.2015;Fren Disk; 122,16 ₺ 
4.04.2016;Rot Başı; 40,40 ₺ 
22.10.2015;Buji Takımı; 758,22 ₺ 
16.12.2016;Debiyaj Seti; 63,80 ₺ 
2.02.2016;Buji Takımı; 758,22 ₺ 
1.03.2015;Fren Balatası; 425,25 ₺ 
27.09.2015;Debiyaj Seti; 21,66 ₺ 
17.09.2015;Fren Disk; 40,40 ₺ 
6.01.2016;Fren Balatası; 122,16 ₺ 
24.01.2015;Rot Başı; 758,22 ₺ 
27.03.2016;Rot Kolu; 63,80 ₺ 
28.06.2016;Fren Disk; 40,40 ₺ 
11.10.2016;Fren Balatası; 21,66 ₺ 
28.12.2015;Rot Kolu; 758,22 ₺ 
16.06.2015;Rot Başı; 758,22 ₺ 
29.03.2016;Rot Başı; 63,80 ₺ 
3.09.2015;Rot Kolu; 122,16 ₺ 
6.10.2016;Rot Kolu; 758,22 ₺ 
6.05.2016;Trigger Seti; 122,16 ₺ 
29.03.2015;Debiyaj Seti; 63,80 ₺ 
10.12.2016;Rot Başı; 425,25 ₺ 
3.02.2016;Debiyaj Seti; 40,40 ₺ 
16.12.2015;Debiyaj Seti; 425,25 ₺ 
24.11.2015;Rot Kolu; 40,40 ₺ 
1.05.2016;Rot Kolu; 63,80 ₺ 
24.09.2016;Trigger Seti; 122,16 ₺ 
12.12.2016;Trigger Seti; 425,25 ₺ 
22.10.2016;Buji Takımı; 63,80 ₺ 
21.07.2016;Fren Disk; 40,40 ₺ 
8.04.2015;Fren Disk; 63,80 ₺ 
10.02.2015;Debiyaj Seti; 758,22 ₺ 
27.08.2015;Trigger Seti; 758,22 ₺ 
26.05.2015;Fren Disk; 63,80 ₺ 
22.11.2016;Fren Disk; 63,80 ₺ 
28.07.2016;Fren Disk; 122,16 ₺ 
7.06.2016;Debiyaj Seti; 21,66 ₺ 
9.04.2016;Trigger Seti; 122,16 ₺ 
9.10.2016;Fren Balatası; 63,80 ₺ 
31.10.2016;Buji Takımı; 425,25 ₺ 
14.04.2016;Rot Başı; 63,80 ₺ 
16.02.2015;Rot Başı; 425,25 ₺ 
31.10.2015;Fren Disk; 758,22 ₺ 
20.02.2016;Buji Takımı; 425,25 ₺ 
27.05.2016;Fren Disk; 122,16 ₺ 
27.11.2015;Rot Kolu; 122,16 ₺ 
19.10.2016;Fren Balatası; 63,80 ₺ 
8.11.2015;Fren Disk; 122,16 ₺ 
6.12.2015;Buji Takımı; 425,25 ₺ 
5.11.2015;Debiyaj Seti; 63,80 ₺ 
9.05.2015;Fren Disk; 63,80 ₺ 
9.09.2016;Buji Takımı; 425,25 ₺ 
1.04.2015;Debiyaj Seti; 63,80 ₺ 
1.01.2015;Rot Başı; 758,22 ₺ 
7.05.2015;Rot Kolu; 425,25 ₺ 
4.11.2016;Fren Balatası; 40,40 ₺ 
31.05.2016;Rot Kolu; 63,80 ₺ 
7.07.2016;Rot Kolu; 21,66 ₺ 
13.09.2016;Rot Kolu; 425,25 ₺ 
8.09.2015;Fren Balatası; 758,22 ₺ 
8.10.2016;Rot Kolu; 425,25 ₺ 
7.04.2015;Buji Takımı; 40,40 ₺ 
12.11.2015;Trigger Seti; 21,66 ₺ 
8.10.2015;Fren Balatası; 21,66 ₺ 
20.10.2015;Rot Kolu; 758,22 ₺ 
20.11.2016;Debiyaj Seti; 21,66 ₺ 
21.08.2015;Buji Takımı; 758,22 ₺ 
